ax,ay,az,gx,gy,gz,left_click,right_click
0.0593,0.2249,1.0037,-1.6031,-0.6031,-0.3053,0,0,0
0.0571,0.22,0.99,-0.7328,-1.4122,-0.084,0,0,0
0.061,0.2229,0.9902,-0.8321,-2.626,0.3053,0,0,0
0.0674,0.23,0.9971,-1.0916,-2.8244,0.4885,0,0,0
0.0681,0.2317,0.9951,-1.7557,-2.5496,0.4656,0,0,0
0.0696,0.228,0.9961,-2.0458,-2.9084,0.7252,0,0,0
0.0691,0.2295,0.9958,-1.4046,-3.1145,1.3206,0,0,0
0.0793,0.2209,1.0029,-1.1832,-1.7939,1.5802,0,0,0
0.0664,0.2249,0.9995,-0.8244,-1.7557,2.0076,0,0,0
0.0664,0.2283,1.0005,-0.6183,-1.8626,2.0763,0,0,0
0.0562,0.2327,0.9958,-0.1603,-2.5115,2.0382,0,0,0
0.0605,0.2361,0.9954,-0.3435,-3.145,1.8168,0,0,0
0.0591,0.2354,0.9944,-0.3588,-3.5267,1.626,0,0,0
0.0535,0.2185,0.9863,-0.4809,-4.3588,1.8244,0,0,0
0.0615,0.23,0.9932,0.5725,-4.9542,2.4198,0,0,0
0.0625,0.2319,0.9961,0.542,-4.4427,2.3664,0,0,0
0.062,0.238,1.0061,0.1298,-3.7405,1.9237,0,0,0
0.0562,0.2466,1.001,-0.8244,-3.916,1.2366,0,0,0
0.0525,0.2502,0.9912,-2.0076,-5.0611,0.7099,0,0,0
0.0503,0.24,0.9944,-3.0,-5.7252,0.4656,0,0,0
0.0608,0.2302,1.0034,-2.8473,-6.1985,0.0763,0,0,0
0.0737,0.2268,1.0125,-1.8779,-5.6718,0.0076,0,0,0
0.082,0.239,1.0176,-1.9542,-4.2519,0.0382,0,0,0
0.0732,0.2493,1.0117,-3.916,-3.7328,-0.6565,0,0,0
0.0818,0.238,1.0173,-5.5649,-3.084,-0.6794,0,0,0
0.0864,0.2273,1.0146,-6.1603,-1.5954,-1.1679,0,0,0
0.0874,0.2156,1.0181,-4.7863,-0.2595,-1.5496,0,0,0
0.0889,0.2051,1.0161,-2.229,1.3817,-1.1985,0,0,0
0.0762,0.2061,0.9993,-0.2137,1.1908,-0.4809,0,0,0
0.0693,0.2239,0.9827,0.2519,-0.4427,0.0763,0,0,0
0.0754,0.2263,0.9873,-0.7634,-2.0382,-0.0153,0,0,0
0.0752,0.2358,0.9939,-1.8473,-2.458,0.1756,0,0,0
0.0835,0.2241,0.998,-2.2137,-3.0992,-0.374,0,0,0
0.0833,0.2268,1.0051,-1.8015,-1.8931,-0.6718,0,0,0
0.0703,0.2156,1.0046,-1.1908,-0.9237,-1.2214,0,0,0
0.062,0.2185,0.9924,-0.7863,-0.8397,-1.3664,0,0,0
0.0598,0.2344,0.9917,-1.9618,-1.9313,-1.1756,0,0,0
0.063,0.2244,0.9978,-3.2137,-3.3206,-1.4122,0,0,0
0.0686,0.2283,0.9895,-4.3893,-4.3511,-1.3588,0,0,0
0.0745,0.2166,1.0068,-4.5344,-4.6336,-1.2061,0,0,0
0.0835,0.2156,1.0171,-3.3893,-4.2824,-0.9008,0,0,0
0.0859,0.2122,1.0127,-2.3359,-3.542,-0.5344,0,0,0
0.0891,0.2202,1.0205,-2.2977,-2.1603,-0.5267,0,0,0
0.0886,0.2187,1.0159,-2.8168,-1.8397,-0.2443,0,0,0
0.0884,0.2117,1.0149,-4.1221,-1.2977,0.4122,0,0,0
0.0815,0.2114,1.0117,-4.6107,-1.8473,0.8015,0,0,0
0.0867,0.1912,1.0088,-4.1985,-2.0763,1.5344,0,0,0
0.0771,0.1948,0.9973,-3.1527,-2.4046,2.3435,0,0,0
0.0854,0.196,1.0044,-3.6565,-2.9084,3.3435,0,0,0
0.0828,0.1785,1.0068,-3.542,-3.229,4.8626,0,0,0
0.0884,0.179,1.0093,-3.1069,-2.5954,6.7405,0,0,0
0.0859,0.186,1.0193,-2.8321,-1.7252,9.084,0,0,0
0.0723,0.2156,1.0193,-4.9389,-1.4351,11.1756,0,0,0
0.0745,0.2283,1.0222,-9.0382,-1.8397,12.5878,0,0,0
0.106,0.2021,1.032,-11.7023,0.1908,13.2214,0,0,0
0.0828,0.1978,1.0046,-10.8092,1.8855,13.1679,0,0,0
0.1155,0.2141,1.0132,-12.5725,3.9771,14.0916,0,0,0
0.0469,0.2278,0.9463,-17.084,1.9771,14.8473,0,0,0
0.0881,0.2061,0.9812,-23.9466,-2.2901,17.7863,0,0,0
0.1125,0.1492,1.0129,-27.2595,-0.6183,21.7099,0,0,0
0.1196,0.137,1.0132,-26.0992,2.7481,27.7252,0,0,0
0.1206,0.1282,1.0178,-24.2214,3.9466,34.5496,0,0,0
0.0908,0.1426,0.9917,-24.4809,4.4427,39.855,0,0,0
0.0886,0.1506,0.9812,-27.2672,0.6718,45.0229,0,0,0
0.1033,0.1536,0.9875,-32.313,-2.2824,49.3435,0,0,0
0.1138,0.1184,0.9878,-35.2366,-3.9008,52.2443,0,0,0
0.1196,0.1121,0.9861,-34.7176,-5.2824,53.1756,0,0,0
0.1309,0.0759,1.0039,-31.5649,-5.8779,54.4275,0,0,0
0.1709,0.0757,1.061,-27.7023,-2.6565,58.9237,0,0,0
0.1428,0.115,1.0439,-23.8015,2.229,60.9924,0,0,0
0.1348,0.1272,1.0435,-21.1603,4.1527,59.5725,0,0,0
0.1296,0.1304,1.0371,-20.0305,5.8397,55.9695,0,0,0
0.1287,0.1274,1.0322,-17.916,6.6183,52.1374,0,0,0
0.1167,0.1321,1.0276,-13.145,7.4122,48.9542,0,0,0
0.1101,0.1145,1.0288,-8.5954,7.8779,48.2977,0,0,0
0.1194,0.1311,1.0327,-4.6336,9.5573,47.4962,0,0,0
0.1143,0.126,1.021,-3.1145,13.0229,45.3359,0,0,0
0.0803,0.1526,0.9956,-3.5802,11.8702,42.8015,0,0,0
0.0554,0.1265,0.9775,-2.4733,8.3511,40.2595,0,0,0
0.072,0.1472,0.9907,-1.2824,3.8168,39.084,0,0,0
0.0786,0.1331,1.0164,-0.8244,1.3053,38.5344,0,0,0
0.1033,0.1367,1.0415,2.1756,2.6489,37.4809,0,0,0
0.1067,0.1619,1.0442,3.7634,5.4198,35.1603,0,0,0
0.0952,0.1614,1.0227,3.458,7.458,31.9084,0,0,0
0.0771,0.1738,1.0122,0.8321,6.0534,29.0534,0,0,0
0.0659,0.1436,1.0149,1.4809,3.7023,28.2443,0,0,0
0.0752,0.1553,1.0254,3.2443,1.4656,26.2519,0,0,0
0.1023,0.1621,1.051,6.1985,1.9313,24.313,0,0,0
0.1035,0.1589,1.0535,8.9695,4.0229,21.2595,0,0,0
0.0938,0.1775,1.0374,9.2595,4.916,18.3435,0,0,0
0.0874,0.1855,1.031,8.1985,4.8092,15.8168,0,0,0
0.0842,0.1807,1.0427,6.0153,4.2748,13.084,0,0,0
0.0894,0.176,1.0374,4.8244,4.2824,10.7939,0,0,0
0.0903,0.179,1.0449,3.313,4.1603,9.4351,0,0,0
0.1011,0.1787,1.0383,1.6947,4.8015,8.084,0,0,0
0.0869,0.1531,1.0273,1.0229,4.3435,7.3053,0,0,0
0.0818,0.1462,1.0244,0.1603,3.2519,7.4198,0,0,0
0.0808,0.1448,1.022,0.9618,2.9466,6.9542,0,0,0
0.085,0.1499,1.0278,2.7099,2.3359,5.8321,0,0,0
0.0901,0.1621,1.0322,4.3664,3.3817,4.687,0,0,0
0.0974,0.145,1.0269,4.9542,4.3206,4.0534,0,0,0
0.0908,0.1458,1.0271,6.916,5.3435,4.3359,0,0,0
0.0845,0.1509,1.0166,7.626,6.0305,3.5496,0,0,0
0.0825,0.1619,1.009,6.8855,6.0687,2.626,0,0,0
0.0808,0.1667,1.0034,5.6107,5.6031,2.5802,0,0,0
0.0774,0.1694,1.0076,3.8626,4.5267,2.1221,0,0,0
0.0798,0.1804,0.9907,1.5802,3.2519,1.2595,0,0,0
0.0793,0.1865,0.9983,0.145,2.5267,-0.0076,0,0,0
0.0767,0.1794,0.9832,-1.3588,0.687,-1.1756,0,0,0
0.0769,0.1667,0.9932,-1.2137,-0.9008,-1.7634,0,0,0
0.0889,0.155,1.0063,-0.4122,-2.0687,-2.3435,0,0,0
0.0967,0.1321,1.0044,3.0229,-1.9313,-3.0916,0,0,0
0.0969,0.1531,1.0115,5.5191,-1.3588,-2.916,0,0,0
0.0933,0.1682,1.0005,5.2748,-1.0,-2.9237,0,0,0
0.0869,0.1716,0.9978,3.3969,-2.0916,-2.6947,0,0,0
0.0879,0.1631,1.0034,1.7557,-2.7176,-2.7863,0,0,0
0.0942,0.1694,1.0049,-0.1374,-2.6336,-2.6336,0,0,0
0.0964,0.168,0.9978,-1.2061,-2.4351,-3.313,0,0,0
0.0928,0.168,1.0022,-1.7557,-3.1221,-4.4351,0,0,0
0.0967,0.1516,1.0088,-1.916,-2.8702,-4.3664,0,0,0
0.1018,0.1555,1.0181,-0.8779,-1.8397,-4.5954,0,0,0
0.1021,0.1543,1.02,0.0076,-0.7786,-5.0382,0,0,0
0.0974,0.1516,1.009,0.6947,-0.3053,-5.1679,0,0,0
0.0903,0.1638,0.9946,0.3969,0.0076,-5.5344,0,0,0
0.0889,0.1497,0.9937,0.5267,-0.9771,-6.1679,0,0,0
0.0857,0.1528,0.998,0.9466,-1.9466,-6.3206,0,0,0
0.0784,0.1467,0.9998,2.7939,-3.4885,-7.1145,0,0,0
0.0796,0.1602,1.0061,4.7023,-4.855,-8.145,0,0,0
0.0881,0.165,1.0081,5.5191,-5.1221,-8.7863,0,0,0
0.0891,0.1794,1.002,4.6107,-5.7786,-10.0153,0,0,0
0.0862,0.1804,1.0024,4.3206,-6.1374,-11.7863,0,0,0
0.0833,0.1704,1.009,5.2824,-6.3053,-13.9771,0,0,0
0.0835,0.1631,1.0061,9.374,-6.9466,-17.2443,0,0,0
0.082,0.178,1.0063,15.0687,-7.5954,-20.5954,0,0,0
0.0747,0.208,0.9863,22.5114,-9.6031,-27.7939,0,0,0
0.0598,0.2393,0.9602,29.3893,-13.1756,-36.4427,0,0,0
0.0652,0.2578,0.9443,33.2748,-17.0534,-44.4122,0,0,0
0.0649,0.2095,0.9729,33.2901,-21.855,-48.3664,0,0,0
0.1194,0.2261,1.0161,30.4198,-30.6183,-40.7176,0,0,0
0.1335,0.2021,1.0337,24.8931,-21.2901,-37.8931,0,0,0
0.1511,0.2234,1.0498,19.8855,-18.2901,-34.7252,0,0,0
0.1382,0.2361,1.0491,17.0382,-12.3206,-35.5267,0,0,0
0.1292,0.2356,1.0498,17.4504,-9.1832,-38.2824,0,0,0
0.1267,0.2207,1.032,20.9008,-6.2366,-41.0687,0,0,0
0.1143,0.2175,1.0095,26.0153,-5.2366,-43.9313,0,0,0
0.0952,0.2205,0.9863,30.2137,-5.9466,-44.0458,0,0,0
0.1008,0.2314,0.9773,29.7939,-8.1832,-41.5878,0,0,0
0.114,0.2507,1.0083,24.2595,-8.7786,-36.7252,0,0,0
0.1323,0.2424,1.0322,16.8244,-6.9695,-31.6183,0,0,0
0.1289,0.2537,1.0366,10.2824,-3.1679,-28.687,0,0,0
0.1306,0.2268,1.0344,6.374,0.2824,-26.8931,0,0,0
0.1211,0.2285,1.0327,5.8779,1.9237,-26.0916,0,0,0
0.1152,0.2368,1.0173,9.2366,3.0916,-27.313,0,0,0
0.1042,0.2395,1.0029,13.2672,3.3664,-28.6565,0,0,0
0.1045,0.2485,1.0093,15.5649,3.9542,-27.8626,0,0,0
0.1016,0.2573,1.012,15.5344,4.771,-25.9237,0,0,0
0.1824,0.3196,1.0254,15.0458,6.145,-23.9084,0,0,0
0.0295,0.2412,0.9895,10.5954,8.0687,-23.3511,0,0,0
0.0872,0.2756,0.9922,7.8397,5.5344,-20.5267,0,0,0
0.0669,0.2424,0.9907,7.7863,6.6183,-20.6336,0,0,0
0.0967,0.2837,1.0117,5.5802,7.771,-20.084,0,0,0
0.0806,0.2808,1.0195,5.6565,8.1603,-19.313,0,0,0
0.0774,0.2781,1.0088,5.6412,10.3435,-18.3893,0,0,0
0.0562,0.291,0.9958,5.0229,10.3359,-18.2977,0,0,0
0.0574,0.2949,0.9893,3.5725,9.8702,-18.145,0,0,0
0.0647,0.2983,0.9878,1.3206,9.0153,-17.8168,0,0,0
0.0698,0.3152,1.0034,-1.0382,9.6718,-16.542,0,0,0
0.0645,0.2947,1.0056,-1.0611,11.0153,-17.7252,0,0,0
0.0662,0.3135,1.0159,-2.1832,14.6412,-19.2977,0,0,0
0.0662,0.2905,1.0256,-1.7176,18.0534,-20.8702,0,0,0
0.0615,0.3235,1.0095,-0.3969,19.3817,-22.6336,0,0,0
0.0596,0.2815,1.0095,0.0916,21.1908,-22.6031,0,0,0
0.0422,0.2874,0.9932,-0.916,20.3359,-20.3817,0,0,0
0.0151,0.2798,0.9834,-2.5267,18.4656,-18.229,0,0,0
0.0405,0.2874,1.0027,-1.4733,18.2443,-21.687,0,0,0
0.0554,0.3213,1.0076,-1.3435,20.3359,-23.5496,0,0,0
0.0183,0.3091,1.0044,-6.0,20.855,-24.084,0,0,0
0.032,0.2441,1.0146,-7.313,21.7557,-21.4122,0,0,0
0.0083,0.231,1.032,-4.2214,26.145,-19.145,0,0,0
0.0156,0.2368,1.0317,-0.1832,32.1908,-19.458,0,0,0
0.0359,0.2971,1.0364,1.1298,37.1985,-20.3435,0,0,0
0.001,0.3149,0.9951,-0.5802,37.8321,-19.313,0,0,0
-0.0583,0.2859,0.9492,-3.2595,35.2901,-19.0534,0,0,0
-0.0342,0.2817,0.9663,-5.6794,31.6107,-17.8397,0,0,0
0.0066,0.3074,0.9888,-7.2137,31.4504,-17.4733,0,0,0
-0.0662,0.2468,0.9739,-8.3664,30.5191,-17.0992,0,0,0
-0.0515,0.2642,0.9634,-7.0076,28.0153,-14.8855,0,0,0
-0.0564,0.2566,0.981,-5.771,25.9466,-12.5725,0,0,0
-0.0798,0.2537,0.9746,-5.1832,27.1298,-11.5725,0,0,0
-0.0774,0.2429,0.9839,-5.6565,29.313,-9.8855,0,0,0
-0.1343,0.2395,0.9587,-6.5496,25.0687,-6.3588,0,0,0
-0.0981,0.2734,0.9687,-9.3511,23.2366,-4.2443,0,0,0
-0.0879,0.2939,0.9661,-12.8779,20.4046,-2.2214,0,0,0
-0.1255,0.2673,0.9592,-17.3817,16.542,0.6107,0,0,0
-0.1121,0.2622,0.9702,-21.1527,13.6107,2.9542,0,0,0
-0.082,0.2666,0.9854,-21.8397,11.4351,3.2977,0,0,0
-0.0317,0.2876,0.9995,-21.4504,11.5496,2.1908,0,0,0
-0.0942,0.2546,0.9985,-21.6794,12.4122,0.9542,0,0,0
-0.0396,0.2786,1.0354,-22.2901,18.084,-0.0763,0,0,0
-0.0737,0.2385,1.0149,-21.0229,21.9771,-0.145,0,0,0
-0.0967,0.2097,1.0115,-16.4733,25.4885,1.4962,0,0,0
-0.1262,0.2185,0.9897,-11.5573,23.1756,5.2672,0,0,0
-0.1177,0.2375,0.9751,-10.313,23.1298,7.0458,0,0,0
-0.1091,0.2405,0.9773,-10.3282,22.626,5.8779,0,0,0
-0.1814,0.2305,0.9546,-11.1679,17.916,3.8473,0,0,0
-0.1199,0.2371,0.9678,-10.8321,15.3053,3.4885,0,0,0
-0.1453,0.2312,0.9558,-11.8168,13.0458,3.4504,0,0,0
-0.1475,0.2095,0.9736,-10.6794,9.9313,6.916,0,0,0
-0.134,0.2302,0.9778,-10.8779,8.2977,9.229,0,0,0
-0.1277,0.2351,0.9907,-12.1527,8.1679,9.1985,0,0,0
-0.1233,0.2334,0.9968,-13.2824,9.0916,8.8321,0,0,0
-0.1282,0.2388,0.9937,-14.5649,9.9695,8.9008,0,0,0
-0.1333,0.2183,0.9976,-15.4122,10.4351,10.3206,0,0,0
-0.1377,0.207,0.988,-15.0229,9.916,12.9924,0,0,0
-0.1477,0.1995,0.969,-15.5038,8.8168,16.3511,0,0,0
-0.1521,0.1963,0.9507,-17.8931,5.2748,20.6489,0,0,0
-0.1599,0.197,0.9487,-21.3359,0.8397,24.626,0,0,0
-0.1433,0.1782,0.9561,-21.2595,-1.7634,25.3435,0,0,0
-0.1235,0.2017,0.9839,-20.855,-3.4809,25.1985,0,0,0
-0.1072,0.2104,1.0032,-22.6794,-2.4504,26.9237,0,0,0
-0.1074,0.2075,1.0078,-24.0687,-1.4885,29.4504,0,0,0
-0.146,0.1777,0.9666,-24.4962,-0.5496,30.4809,0,0,0
-0.1394,0.1995,0.9683,-25.0458,-4.4733,29.3969,0,0,0
-0.1323,0.1921,0.99,-23.1679,-6.4427,27.0687,0,0,0
-0.1135,0.199,1.0205,-19.5038,-6.2214,22.8626,0,0,0
-0.0994,0.21,1.0166,-17.145,-3.9389,19.0611,0,0,0
-0.0999,0.2097,1.0173,-16.0687,-1.687,15.7252,0,0,0
-0.1003,0.1946,1.0298,-13.5267,0.7939,13.6489,0,0,0
-0.1069,0.2122,1.0271,-13.542,2.4351,12.1069,0,0,0
-0.1169,0.1987,1.0212,-13.3664,4.3435,11.6565,0,0,0
-0.1216,0.2,0.9939,-13.5649,4.4122,11.2519,0,0,0
-0.1228,0.2031,0.9983,-13.7252,4.1374,8.6565,0,0,0
-0.1201,0.1831,1.002,-11.4198,2.9313,6.4427,0,0,0
-0.1113,0.1741,1.0195,-8.8855,3.7023,5.687,0,0,0
-0.1167,0.1731,1.0188,-6.6412,5.0458,6.0305,0,0,0
-0.1279,0.166,1.0098,-4.0763,5.3969,6.5038,0,0,0
-0.1377,0.1709,0.9944,-0.8321,4.5878,7.9008,0,0,0
-0.1377,0.1731,0.9998,1.6489,3.0534,9.229,0,0,0
-0.1296,0.1628,1.0159,5.145,3.2672,9.0611,0,0,0
-0.1204,0.1599,1.0156,10.6489,3.9237,12.1145,0,0,0
-0.115,0.1943,1.0188,13.7176,4.9313,12.145,0,0,0
-0.126,0.2187,1.0071,15.374,5.7405,10.1374,0,0,0
-0.0989,0.2266,0.9146,18.0229,14.3359,-4.5954,0,0,0
-0.1401,0.2402,1.0073,8.3359,12.2901,-0.6489,0,0,0
-0.1624,0.2454,0.9561,8.4122,5.2901,-0.9389,1,0,0
-0.1289,0.1858,0.9966,7.3206,4.3511,-0.145,1,0,0
-0.1255,0.2378,1.0049,4.3206,4.0153,-0.0916,1,0,0
-0.1274,0.2432,1.011,0.855,5.0763,-1.2443,1,0,0
-0.1287,0.241,1.0,-2.1145,5.2595,-2.5191,1,0,0
-0.1301,0.2324,1.0,-4.4504,5.7328,-4.5115,1,0,0
-0.1296,0.2402,1.0,-8.1756,6.0153,-6.3893,1,0,0
-0.1494,0.2371,1.0,-12.3817,5.2672,-7.5267,1,0,0
-0.1484,0.2163,0.9917,-16.0382,3.9847,-8.8931,1,0,0
-0.156,0.1902,0.9778,-17.145,1.6412,-9.4733,1,0,0
-0.1465,0.1943,0.9983,-18.3664,-0.3969,-8.6107,1,0,0
-0.1355,0.1675,1.0005,-17.9618,-2.1756,-7.3282,1,0,0
-0.1355,0.1687,1.0105,-16.0687,-0.9695,-6.9237,1,0,0
-0.1306,0.1299,0.9905,-12.0611,-2.1985,-3.458,1,0,0
-0.1628,0.1357,0.9883,-8.5725,-4.916,0.2672,1,0,0
-0.1565,0.1777,0.9883,-7.3588,-7.4275,-0.8397,1,0,0
-0.1382,0.1748,0.9971,-5.8855,-7.4656,-2.771,1,0,0
-0.1277,0.1655,1.0034,-3.771,-6.1985,-2.9847,1,0,0
-0.1348,0.1699,1.0107,-2.3282,-5.2214,-1.1145,1,0,0
-0.136,0.1841,1.0103,-2.0153,-4.4122,-0.2366,1,0,0
-0.134,0.1631,1.001,-0.9924,-4.0992,-0.313,1,0,0
-0.1274,0.166,0.9971,0.8702,-3.6947,-0.6489,1,0,0
-0.1233,0.1658,1.0105,2.2824,-2.6947,-0.855,1,0,0
-0.1208,0.1797,1.0039,0.5878,-1.5649,-1.2443,1,0,0
-0.1289,0.1687,1.0039,-0.5115,-0.9924,-0.7481,1,0,0
-0.1265,0.1628,0.9941,-1.0687,-1.5496,-0.2977,1,0,0
-0.1309,0.1721,0.9897,-1.916,-2.1603,-0.0687,1,0,0
-0.1316,0.1587,0.9893,-2.6718,-2.9542,0.0992,1,0,0
-0.1299,0.1685,0.988,-3.7405,-3.3664,-0.084,1,0,0
-0.1316,0.1526,0.9844,-4.9618,-4.5649,0.4427,1,0,0
-0.1321,0.1604,0.9883,-6.7023,-5.7557,1.0382,1,0,0
-0.1311,0.1396,0.9741,-7.4656,-7.4504,3.0458,1,0,0
-0.1365,0.1204,0.978,-6.1069,-8.8931,5.2214,1,0,0
-0.1309,0.1296,0.988,-3.9695,-9.7863,6.9847,1,0,0
-0.1262,0.1438,0.9917,-1.9237,-10.7786,8.3359,1,0,0
-0.1196,0.1646,1.0012,-1.7634,-10.855,9.145,1,0,0
-0.1191,0.1711,1.01,-1.626,-9.4046,9.1908,1,0,0
-0.1274,0.1812,1.0183,-1.9618,-9.1603,9.0305,1,0,0
-0.1294,0.1887,0.9963,-3.145,-9.2824,8.5725,1,0,0
-0.1316,0.1919,1.0098,-4.3359,-10.1679,8.8931,1,0,0
-0.1155,0.1851,1.0244,-4.1756,-9.6031,8.6641,1,0,0
-0.0991,0.1841,1.0361,-2.8244,-8.0,9.4733,1,0,0
-0.0994,0.196,1.0691,-2.626,-4.2824,8.5038,1,0,0
-0.1123,0.1763,1.0542,1.313,-0.9313,6.6565,1,0,0
-0.1238,0.1567,1.0432,7.6794,-0.4656,5.3511,1,0,0
-0.1096,0.2014,1.0232,10.1527,-0.3511,5.6565,1,0,0
-0.1067,0.2134,1.0083,7.8015,-1.145,4.3511,1,0,0
-0.0588,0.135,1.0193,13.4122,2.4504,-0.3969,1,0,0
-0.1489,0.2229,0.9983,7.7939,3.0,-0.4198,1,0,0
-0.0994,0.2031,1.0022,3.626,-0.6641,0.5878,1,0,0
-0.1094,0.2107,0.9885,-0.8397,-1.313,-0.2366,1,0,0
-0.0867,0.2419,1.012,-6.6641,-1.7099,-2.2519,1,0,0
-0.0767,0.2244,1.0332,-10.4275,1.1832,-4.771,1,0,0
-0.0962,0.2048,1.031,-12.6565,3.4427,-5.9924,1,0,0
-0.1013,0.1907,1.0217,-11.855,4.1679,-6.5802,1,0,0
-0.1052,0.1882,1.0095,-11.0687,4.2977,-5.6183,1,0,0
-0.1052,0.1919,1.0078,-12.3435,2.7634,-4.6565,1,0,0
-0.106,0.1814,0.9971,-12.3893,1.8244,-5.2748,1,0,0
-0.1008,0.1528,1.0022,-11.5802,3.4809,-5.2214,1,0,0
-0.1072,0.1123,0.9761,-7.3435,4.7405,-2.8855,1,0,0
-0.1426,0.1587,0.9873,-5.1603,2.2061,-1.2061,1,0,0
-0.1455,0.1968,0.9885,-6.7557,0.1145,-1.7557,1,0,0
-0.1206,0.1702,0.9902,-7.2366,-1.4351,-2.2672,1,0,0
-0.1187,0.1418,0.9932,-4.7939,-2.542,-1.9466,1,0,0
-0.1216,0.1541,0.9998,-2.0992,-2.374,-0.5344,1,0,0
-0.1179,0.1707,0.998,-1.9847,-2.5954,-0.3282,1,0,0
-0.1123,0.1704,1.0039,-1.8473,-1.5344,-0.8092,1,0,0
-0.1147,0.1748,1.0066,-2.7786,-1.1374,-1.1145,1,0,0
-0.1096,0.175,0.9973,-3.229,-0.9008,-1.1069,1,0,0
-0.113,0.1628,1.011,-4.2595,-1.2824,-1.0611,1,0,0
-0.1121,0.1436,1.0178,-3.1756,-0.7023,-0.5038,1,0,0
-0.1121,0.1555,1.0181,-1.5038,0.1298,-0.145,1,0,0
-0.1233,0.1501,1.0125,0.0763,0.145,0.084,1,0,0
-0.1272,0.1689,1.0208,-0.0076,-0.084,0.1298,1,0,0
-0.1191,0.1707,1.0239,-1.4733,0.2748,0.8092,1,0,0
-0.1111,0.1714,1.0422,-2.5344,1.0,1.4809,1,0,0
-0.1128,0.1753,1.05,-2.8779,3.7634,0.8473,1,0,0
-0.1179,0.1843,1.075,-2.9847,6.5191,-0.5191,1,0,0
-0.126,0.1926,1.0659,-4.7557,9.8397,-2.0229,1,0,0
-0.126,0.1653,1.0593,-5.8015,11.0382,-0.4275,1,0,0
-0.114,0.155,1.054,-5.3206,13.7481,1.374,1,0,0
-0.1189,0.1526,1.0342,-5.2748,16.8168,1.3893,1,0,0
-0.1287,0.187,1.0034,-5.6107,16.0458,-0.8015,1,0,0
-0.1318,0.1956,1.033,-9.3511,16.9924,-1.8702,1,0,0
-0.1519,0.1978,1.0112,-13.458,15.1832,-2.6489,1,0,0
-0.1274,0.1523,1.0195,-15.6947,15.9389,-3.1069,1,0,0
-0.1367,0.1636,0.9966,-14.5725,15.6336,-2.9008,1,0,0
-0.1453,0.1965,0.9944,-15.8015,15.5496,-7.4733,1,0,0
-0.1504,0.1516,0.9929,-16.5496,14.8321,-8.9924,1,0,0
-0.1533,0.1594,0.988,-14.7481,14.1832,-8.6107,1,0,0
-0.1516,0.1401,0.981,-13.4046,13.145,-8.5802,1,0,0
-0.1604,0.1274,0.9856,-12.0,10.771,-8.3588,1,0,0
-0.1682,0.1174,0.9744,-10.1603,7.5802,-7.2901,1,0,0
-0.1731,0.1045,0.9563,-7.2824,3.2901,-5.5344,1,0,0
-0.1685,0.1108,0.9741,-5.2901,-2.1603,-2.3053,1,0,0
-0.1504,0.1348,0.9841,-4.6107,-3.5725,-0.5802,1,0,0
-0.1382,0.1323,1.0,-5.0458,-3.8626,1.2672,1,0,0
-0.1406,0.1531,0.9905,-6.9084,-4.7023,2.3969,1,0,0
-0.155,0.1426,0.9844,-7.687,-4.8626,2.1679,1,0,0
-0.1523,0.1343,1.0015,-7.1298,-4.7176,1.6794,1,0,0
-0.1462,0.1213,1.0049,-3.9084,-4.0458,1.5191,1,0,0
-0.1479,0.1343,1.0068,-0.084,-3.0305,0.2519,1,0,0
-0.1501,0.157,0.9998,0.5267,-2.6641,-0.2443,1,0,0
-0.1516,0.1511,0.9915,-0.3206,-2.5573,-0.3588,1,0,0
-0.1511,0.1399,0.9985,-0.8473,-3.1221,0.1908,1,0,0
-0.1499,0.1487,0.9895,-2.1298,-3.4809,0.5267,1,0,0
-0.1545,0.1396,0.9946,-3.458,-3.6565,-0.2595,1,0,0
-0.1536,0.1418,0.9983,-4.1908,-4.2366,-0.1527,1,0,0
-0.1458,0.1301,1.0071,-5.6107,-4.7405,0.771,1,0,0
-0.1389,0.1162,1.0237,-5.1679,-4.2519,1.4351,1,0,0
-0.136,0.1003,1.0205,-2.3893,-2.855,2.145,1,0,0
-0.1399,0.1177,1.0168,-0.8931,-1.9847,3.1298,1,0,0
-0.1465,0.1213,1.0142,-1.4504,-1.4962,3.8397,1,0,0
-0.1587,0.1296,1.0164,-2.4046,-1.8321,4.916,1,0,0
-0.1533,0.1475,1.0237,-4.8321,-2.2977,4.6183,1,0,0
-0.1501,0.1226,1.0342,-6.5496,-2.4962,6.2061,1,0,0
-0.1482,0.1023,1.0427,-6.6107,-1.9084,9.4656,1,0,0
-0.1499,0.0984,1.0327,-5.9695,-1.0,14.9389,1,0,0
-0.127,0.1592,1.0203,-2.0992,0.0611,10.1527,1,0,0
-0.1172,0.0925,1.0674,-3.8321,0.5115,9.3893,1,0,0
-0.1443,0.167,0.9768,-5.9237,-1.3588,13.2595,1,0,0
-0.1431,0.052,1.0024,-6.6565,-3.4198,14.4275,1,0,0
-0.1294,0.1013,1.0063,-4.3511,-3.1832,15.4504,1,0,0
-0.1321,0.1572,1.0271,-5.0763,-0.7863,13.9466,1,0,0
-0.1235,0.1658,1.0459,-5.5344,1.145,8.6641,1,0,0
-0.1299,0.1772,1.0327,-5.5725,4.4885,5.4885,1,0,0
-0.1379,0.1599,1.0129,-7.229,6.1908,2.2519,1,0,0
-0.1426,0.1367,1.0183,-6.7634,7.0305,1.0076,1,0,0
-0.1477,0.1636,1.0083,-7.1221,8.0305,-0.374,1,0,0
-0.1509,0.176,0.9939,-12.1145,7.4809,-2.1756,1,0,0
-0.1516,0.1589,1.0027,-16.4046,6.0611,-3.5878,1,0,0
-0.1589,0.1218,0.9919,-18.6183,3.6031,-2.9771,1,0,0
-0.1741,0.1172,0.99,-18.2061,1.0763,-2.9084,1,0,0
-0.1545,0.1121,0.9998,-17.084,-0.5115,-3.2748,1,0,0
-0.1379,0.1018,0.9746,-16.3282,3.1679,-5.7328,1,0,0
-0.1611,0.0366,0.9941,-9.0687,0.7863,-4.5649,1,0,0
-0.1506,0.1157,1.0256,-7.6641,-0.0229,-2.8244,1,0,0
-0.1538,0.1184,1.0234,-6.0611,-0.6794,-0.5878,1,0,0
-0.1577,0.0857,1.0205,-3.2824,-0.9389,-0.5115,1,0,0
-0.1638,0.084,1.0193,-0.5649,-2.1374,2.4046,1,0,0
-0.1667,0.106,1.0227,-1.0382,-1.8321,4.1221,1,0,0
-0.1538,0.1184,1.0278,-2.2901,-2.0,4.9008,1,0,0
-0.1501,0.1128,1.03,-5.6794,-1.4809,5.0076,1,0,0
-0.156,0.071,1.0405,-6.6641,-1.1221,5.8779,1,0,0
-0.1519,0.0776,1.0461,-7.5649,-0.4427,8.0153,1,0,0
-0.1396,0.0857,1.0547,-12.229,1.1603,10.3359,1,0,0
-0.1411,0.0671,1.0679,-17.9084,3.3588,12.626,1,0,0
-0.146,0.0586,1.0754,-23.2672,4.7328,15.3359,1,0,0
-0.1482,0.0417,1.0889,-26.6947,6.8702,17.8626,1,0,0
0.0215,0.0444,1.1536,-27.4275,16.7863,17.4122,1,0,0
-0.1821,0.0244,1.0566,-26.1832,14.0229,21.1832,1,0,0
-0.1323,0.0251,1.0732,-26.6489,16.7557,21.5114,1,0,0
-0.1455,0.0889,1.0635,-28.2595,18.4275,20.3435,1,0,0
-0.1917,0.0254,1.0408,-28.5649,18.3359,19.7176,1,0,0
-0.1899,0.0452,1.0164,-26.4351,17.0305,18.2824,1,0,0
-0.197,0.0383,1.0042,-25.1145,15.6565,18.5496,1,0,0
-0.1914,0.0642,0.9937,-25.6565,13.1069,20.6031,1,0,0
-0.1694,0.0925,1.0081,-28.7099,13.5878,20.7939,1,0,0
-0.1909,0.0784,1.0068,-30.9389,14.4351,20.1145,1,0,0
-0.176,0.0635,1.0198,-30.8397,15.8626,18.8626,1,0,0
-0.2007,0.0654,0.9937,-27.9847,15.2366,16.9924,1,0,0
-0.2273,0.0642,0.9897,-25.2214,14.5649,14.5496,1,0,0
-0.2209,0.0815,0.9761,-23.3511,11.374,12.1679,1,0,0
-0.2046,0.0759,0.9941,-24.0076,9.5115,11.1374,1,0,0
-0.1968,0.052,1.002,-23.6183,8.916,10.7023,1,0,0
-0.188,0.052,1.0173,-21.7252,9.8092,10.1069,1,0,0
-0.1851,0.0535,1.0088,-19.6031,11.2977,8.687,1,0,0
-0.1885,0.0527,1.0083,-18.7634,11.8168,6.6641,1,0,0
-0.2009,0.0542,1.0054,-16.6718,11.626,5.3511,1,0,0
-0.2007,0.0388,1.0056,-14.6412,10.1756,3.7252,1,0,0
-0.2034,0.0227,0.9934,-10.8244,9.0534,3.855,1,0,0
-0.2043,0.0056,0.9907,-6.6489,6.8779,5.8168,1,0,0
-0.2129,0.0093,0.9731,-3.0382,4.6794,7.8015,1,0,0
-0.2068,0.0085,0.9729,-0.855,2.6412,9.2977,1,0,0
-0.168,-0.0156,0.9297,8.0229,3.7099,6.1679,1,0,0
-0.1914,0.0271,1.0227,6.0916,6.687,6.458,1,0,0
-0.2095,0.0564,0.9751,8.7939,4.3588,6.3435,1,0,0
-0.2151,0.05,0.9851,9.1145,1.4275,5.4885,1,0,0
-0.2063,0.0659,0.9807,8.9237,-1.0305,4.6336,1,0,0
-0.1895,0.0562,0.9863,8.6412,-1.8321,4.1756,1,0,0
-0.1887,0.0708,0.9851,7.3588,-1.3206,3.9466,1,0,0
-0.1968,0.0811,0.9795,5.2061,-0.9847,2.3282,1,0,0
-0.2051,0.0696,0.9792,2.8244,-1.4046,1.9542,1,0,0
-0.2126,0.062,0.9717,0.2595,-2.9618,1.8702,1,0,0
-0.2029,0.0613,0.9753,-1.0305,-4.4275,2.5038,1,0,0
-0.1895,0.0793,0.988,-3.2519,-5.1145,1.374,1,0,0
-0.1802,0.0811,1.0032,-6.2061,-3.7252,0.7328,1,0,0
-0.1987,0.0977,1.0061,-9.4733,-2.6107,-1.5573,1,0,0
-0.2043,0.0813,0.9985,-11.8397,-2.145,-4.0,1,0,0
-0.1987,0.0525,1.0002,-14.3511,-0.4656,-6.0534,1,0,0
-0.1965,0.0457,1.0056,-13.9771,1.9008,-8.7252,1,0,0
-0.2034,0.0271,0.9854,-10.855,2.4809,-10.458,1,0,0
-0.197,-0.0017,0.9478,-7.5802,3.0153,-11.2061,1,0,0
-0.2422,0.01,0.9509,-7.9313,-3.5267,-8.2137,1,0,0
-0.2058,0.0256,0.9653,-8.1069,-7.626,-8.0992,1,0,0
-0.1951,0.01,0.9851,-6.4122,-7.9237,-6.2748,1,0,0
-0.1914,-0.0012,1.0034,-6.0076,-6.7176,-5.3359,1,0,0
-0.2009,0.0015,1.0039,-6.0,-5.5878,-4.1374,1,0,0
-0.2073,0.0042,1.0022,-5.2824,-5.7023,-3.1603,1,0,0
-0.2073,0.0161,0.9961,-5.0229,-7.2824,-3.0229,1,0,0
-0.2041,-0.0042,0.9922,-4.4656,-8.4122,-2.5115,1,0,0
-0.1951,0.0029,0.9954,-2.8473,-9.2672,-2.1069,1,0,0
-0.1921,0.0095,1.0024,-2.8092,-9.0687,-1.9084,1,0,0
-0.1926,0.0205,0.9924,-3.7405,-9.3359,-2.1756,1,0,0
-0.1885,0.0266,0.9988,-6.1221,-9.3282,-2.855,1,0,0
-0.1819,0.0159,1.0071,-8.1679,-8.7328,-3.6718,1,0,0
-0.1772,0.0244,1.0176,-10.9313,-7.4122,-4.9695,1,0,0
-0.1853,0.0132,1.0166,-12.6565,-6.1069,-6.2977,1,0,0
-0.196,0.0171,1.0078,-14.5038,-6.2137,-7.1679,1,0,0
-0.2,0.0107,1.0132,-15.9924,-7.0305,-7.8779,1,0,0
-0.1926,0.0024,1.0151,-16.7023,-6.5038,-8.9466,1,0,0
-0.2012,0.0049,1.0168,-18.1832,-7.1832,-9.2595,1,0,0
-0.2017,-0.0352,0.999,-18.5496,-6.9618,-7.6412,1,0,0
-0.2056,-0.0452,1.0046,-17.0611,-8.3817,-6.4809,1,0,0
-0.1875,-0.0552,1.0144,-15.0763,-8.0763,-5.2366,1,0,0
-0.1887,-0.0581,1.0215,-11.1985,-7.2214,-4.1908,1,0,0
-0.179,-0.0537,1.0225,-7.8092,-6.5802,-3.0534,1,0,0
-0.1775,-0.0435,1.0256,-4.6107,-5.4809,-2.7252,1,0,0
-0.1765,-0.0356,1.0188,-3.6565,-4.6031,-2.1985,1,0,0
-0.1887,-0.0068,1.0232,-3.229,-3.6565,-1.9389,1,0,0
-0.1843,-0.022,1.011,-4.626,-3.4504,-2.2977,1,0,0
-0.1887,-0.0308,1.0146,-3.084,-3.2595,-2.4504,1,0,0
-0.1858,-0.0186,1.0149,-2.4885,-3.855,-2.3969,1,0,0
-0.1836,-0.0276,1.0071,-2.0305,-4.1603,-1.687,1,0,0
-0.1685,-0.0247,1.0085,-3.1832,-5.0458,-2.313,1,0,0
-0.1699,-0.0227,1.0122,-3.0992,-4.4656,-3.0382,1,0,0
-0.1589,-0.0061,1.02,-4.1603,-4.3206,-4.4427,1,0,0
-0.1768,-0.0161,1.0122,-4.6565,-4.3893,-4.4351,1,0,0
-0.1987,-0.0281,1.0083,-4.5038,-5.5191,-3.8855,1,0,0
-0.1697,-0.0278,1.0115,-3.0382,-7.2595,-3.5802,1,0,0
-0.1394,-0.0066,1.0083,-1.8321,-8.6107,-3.0763,1,0,0
-0.2,-0.0437,0.9824,-0.7939,-10.3053,-2.8702,1,0,0
-0.1118,-0.0007,1.0129,0.458,-11.2519,-2.6183,1,0,0
-0.1716,-0.0125,0.9954,0.0305,-12.6641,-2.2137,1,0,0
-0.1443,-0.0361,1.0156,0.4504,-12.6412,-2.6412,0,0,0
-0.1411,-0.0288,1.0217,1.4122,-12.0458,-3.8244,0,0,0
-0.1523,0.001,1.0076,1.0763,-11.7099,-5.687,0,0,0
-0.1335,-0.0247,1.0339,1.0,-9.9618,-5.2061,0,0,0
-0.1267,-0.0127,1.054,0.9389,-7.8931,-4.4046,0,0,0
-0.1482,0.0105,1.0356,-1.1221,-6.3511,-3.8015,0,0,0
-0.1428,-0.0046,1.0217,-3.2977,-5.9542,-4.7481,0,0,0
-0.1555,-0.0256,1.0061,-3.8244,-6.5802,-4.9924,0,0,0
-0.1392,-0.0254,1.0239,-4.2214,-7.1069,-5.5649,0,0,0
-0.1353,-0.0447,1.021,-2.4733,-6.9542,-5.2977,0,0,0
-0.1377,-0.0061,1.033,-2.0916,-6.7023,-5.374,0,0,0
-0.1194,-0.0005,1.0266,-2.6412,-4.3969,-7.1527,0,0,0
-0.1528,-0.0295,1.0171,-3.3817,-5.5038,-7.7252,0,0,0
-0.1206,-0.0422,1.0276,-1.9389,-5.4733,-6.5496,0,0,0
-0.1294,-0.0576,1.0325,-0.9771,-4.7634,-4.1603,0,0,0
-0.1399,-0.0317,1.0383,-0.145,-3.1603,-1.9847,0,0,0
-0.1338,-0.0383,1.0276,-0.3588,-2.0687,-1.2443,0,0,0
-0.1223,-0.0542,1.0317,0.4122,0.1374,0.4504,0,0,0
-0.1216,-0.0544,1.0281,1.855,2.4198,1.313,0,0,0
-0.1162,-0.0459,1.0413,2.8473,5.8473,2.0076,0,0,0
-0.1182,-0.0574,1.0295,3.7863,8.5649,0.916,0,0,0
-0.1707,-0.0059,1.0146,1.5725,7.626,1.6031,0,0,0
-0.1421,-0.0078,1.0293,-1.3359,7.6031,0.3817,0,0,0
-0.1575,-0.0132,1.0396,-2.374,8.5802,-1.4962,0,0,0
-0.1611,-0.0037,1.0254,-2.4122,6.542,-1.8855,0,0,0
-0.1714,-0.0349,1.0093,-1.3206,4.3053,-1.9084,0,0,0
-0.1619,-0.0393,1.0137,0.4427,3.6031,-1.2672,0,0,0
-0.1528,-0.0425,1.0142,1.687,3.5802,0.3817,0,0,0
-0.1572,-0.0562,1.0168,2.8855,3.916,2.1145,0,0,0
-0.116,-0.0415,1.0547,3.9847,6.313,1.5191,0,0,0
-0.127,-0.0264,1.052,3.9924,6.374,1.3053,0,0,0
-0.2268,-0.0342,0.9949,7.4733,8.5496,2.2519,0,0,0
-0.1333,-0.0242,1.0393,5.9847,8.5649,3.2824,0,0,0
-0.155,0.0112,1.0237,4.5954,9.5267,1.9771,0,0,0
-0.1548,0.021,1.0266,0.1298,11.229,-0.9847,0,0,0
-0.1755,0.0042,1.0156,-2.2672,10.0534,-2.1679,0,0,0
-0.176,-0.0261,1.0198,-2.9542,7.7557,-3.2595,0,0,0
-0.1709,-0.0374,1.0386,-1.6641,8.5802,-1.7328,0,0,0
-0.158,-0.0334,1.052,-0.4656,10.1603,-0.1679,0,0,0
-0.1487,-0.0325,1.0618,0.4275,14.3511,1.5649,0,0,0
-0.1599,-0.0361,1.0601,3.2519,18.4504,1.0763,0,0,0
-0.1606,-0.0027,1.0547,2.6336,21.8779,1.1603,0,0,0
-0.1521,0.03,1.0325,-0.6489,25.3588,0.458,0,0,0
-0.1758,-0.0081,1.0125,-1.0763,28.2443,-2.9924,1,0,0
-0.2065,-0.0349,0.9434,5.7023,28.8168,-9.8855,1,0,0
-0.261,0.0227,0.9597,1.9618,22.0916,-8.2214,1,0,0
-0.2114,0.0024,0.9824,-0.5954,18.8473,-7.7099,1,0,0
-0.2532,0.0151,0.9614,-4.4733,12.4427,-6.5267,1,0,0
-0.24,-0.0132,0.9856,-6.916,12.1832,-4.916,1,0,0
-0.209,-0.0115,1.0046,-7.1221,9.8397,-4.2137,1,0,0
-0.2163,-0.0073,1.0002,-8.5573,9.9008,-3.8397,1,0,0
-0.2239,0.0007,0.9814,-9.855,8.2748,-3.9847,1,0,0
-0.178,0.0115,0.9878,-10.0305,6.4885,-5.1221,1,0,0
-0.2078,-0.0327,0.9756,-10.1908,9.0458,-6.4198,1,0,0
-0.1938,0.0054,0.9678,-10.7176,2.9084,-4.0687,1,0,0
-0.1987,0.0073,0.9954,-10.1221,2.0382,-5.2366,1,0,0
-0.2163,-0.0403,0.9436,-7.4275,1.7176,-5.1221,1,0,0
-0.3037,-0.0332,0.9333,-9.5802,-1.1832,-5.8168,1,0,0
-0.2578,-0.001,0.9661,-14.4275,-5.0305,-6.6641,1,0,0
-0.2249,-0.0483,0.9797,-13.5649,-7.6565,-5.3893,1,0,0
-0.2146,-0.0852,0.9946,-7.6718,-8.6947,-2.0,1,0,0
-0.2043,-0.0735,1.0068,-2.5038,-9.2519,0.5038,1,0,0
-0.1978,-0.033,1.0054,0.8244,-8.3053,1.1756,1,0,0
-0.1882,-0.0339,1.0002,1.0458,-7.2214,0.8321,1,0,0
-0.1934,-0.0247,1.0002,0.626,-6.3435,0.1527,1,0,0
-0.1987,-0.0249,0.9961,-1.1298,-6.0916,-0.2977,1,0,0
-0.2051,-0.0325,0.9888,-1.9618,-6.6947,-0.2977,1,0,0
-0.1982,-0.0293,1.0144,-1.9618,-6.7023,-0.4275,1,0,0
-0.1997,-0.0239,1.0039,-2.0382,-6.3664,-0.145,1,0,0
-0.2026,-0.0347,1.0134,-2.313,-6.8473,0.4504,1,0,0
-0.1943,-0.033,1.0193,-2.084,-6.084,0.2519,1,0,0
-0.199,-0.0242,1.0088,-2.1069,-6.0611,0.2977,1,0,0
-0.1953,-0.0291,1.0073,-2.4198,-5.1221,-0.1374,1,0,0
-0.1958,-0.0344,1.0142,-2.5802,-4.1603,0.0611,1,0,0
-0.1982,-0.0303,1.0183,-1.626,-3.3206,-0.1069,1,0,0
-0.1973,-0.0349,1.0117,-0.8779,-2.145,-0.5725,1,0,0
-0.2122,-0.03,1.011,-0.3053,-2.2748,-0.2672,1,0,0
-0.2112,-0.0354,1.0115,0.5038,-2.3206,-0.4504,1,0,0
-0.2031,-0.0239,1.0139,0.5115,-2.2824,-1.0305,1,0,0
-0.1995,-0.0269,1.0125,0.0992,-1.8244,-1.8168,1,0,0
-0.2014,-0.0242,1.0305,-0.7939,-1.0076,-2.2061,1,0,0
-0.2102,-0.0129,1.0168,-3.9771,-1.2672,-1.7099,1,0,0
-0.2102,-0.0352,1.0171,-6.2824,-1.8244,-1.3969,1,0,0
-0.2004,-0.0649,1.0264,-5.8626,-2.0,-0.4275,1,0,0
-0.2019,-0.0708,1.0378,-3.8931,-1.2519,1.458,1,0,0
-0.196,-0.0542,1.0344,-2.9313,-0.0153,2.7328,1,0,0
-0.1985,-0.0564,1.0227,-2.7557,0.3893,3.1374,1,0,0
-0.2058,-0.0549,1.0286,-2.7176,0.7939,3.1832,1,0,0
-0.2083,-0.051,1.0212,-3.4122,1.4733,4.084,1,0,0
-0.2036,-0.0449,1.0181,-4.8015,1.7252,4.9695,1,0,0
-0.2075,-0.054,1.0159,-5.9924,1.4962,5.8626,1,0,0
-0.2092,-0.0576,1.0066,-5.9313,1.5802,5.6565,1,0,0
-0.2039,-0.0527,1.0105,-5.1603,2.1527,5.8779,1,0,0
-0.2031,-0.0486,1.032,-6.2366,3.8702,6.0305,1,0,0
-0.2041,-0.0383,1.0247,-6.9771,6.1374,5.5649,1,0,0
-0.2109,-0.0398,1.0398,-7.2595,8.0076,5.5344,1,0,0
-0.2107,-0.0222,1.0293,-7.7481,9.3664,5.1298,1,0,0
-0.1978,-0.0234,1.0261,-8.0763,9.7481,3.9008,1,0,0
-0.2629,-0.063,1.0024,-6.2901,10.6641,2.4122,1,0,0
-0.2473,-0.0447,1.0056,-4.3817,9.5802,3.1145,1,0,0
-0.2122,-0.032,1.0217,-3.0534,8.687,2.0763,1,0,0
-0.2129,-0.0283,1.0259,-1.8015,9.9466,1.7405,1,0,0
-0.2119,-0.022,1.0293,-1.5954,11.6183,0.8931,1,0,0
-0.1641,-0.0066,1.0464,-2.5802,14.4046,-0.7252,1,0,0
-0.2522,-0.022,1.0271,-3.3969,18.855,-2.5725,1,0,0
-0.2241,-0.0144,1.0198,-4.3206,19.1908,-2.9008,1,0,0
-0.2112,-0.0261,1.0281,-4.8473,21.1908,-3.916,1,0,0
-0.2429,-0.0366,1.0063,-3.855,21.8855,-3.2137,1,0,0
-0.2285,-0.0383,1.0081,-3.1832,21.4427,-2.3817,1,0,0
-0.2319,-0.0305,1.0132,-2.1756,22.2824,-2.916,1,0,0
-0.2319,-0.0208,0.9951,-1.8473,22.6641,-4.0534,1,0,0
-0.2625,-0.0464,0.9766,-1.1374,21.1679,-4.8779,1,0,0
-0.2627,-0.0493,0.9583,0.7405,17.5267,-4.2595,1,0,0
-0.2573,-0.033,0.9727,1.4809,15.0229,-3.6489,1,0,0
-0.262,-0.0283,0.9775,0.916,13.5038,-2.8931,1,0,0
-0.2708,-0.0256,0.9656,2.1221,11.3435,-2.4046,1,0,0
-0.2778,-0.031,0.9683,4.2214,9.3435,-2.0534,1,0,0
-0.2683,-0.0173,0.968,5.4427,7.5725,-1.2214,1,0,0
-0.2615,-0.0266,0.9827,5.2977,7.9771,-0.8779,1,0,0
-0.2629,-0.0232,0.9812,5.9618,6.7405,0.855,1,0,0
-0.2493,0.0095,0.989,5.5115,5.9389,1.0229,1,0,0
-0.2334,-0.0698,0.9893,9.7939,5.9618,-1.3435,1,0,0
-0.292,0.0386,0.9324,7.5496,2.6031,-2.5878,1,0,0
-0.2764,-0.0066,0.9375,2.3053,-0.9695,-1.4504,1,0,0
-0.2568,-0.0061,0.9482,-1.6031,-3.1527,-2.1221,1,0,0
-0.2517,-0.0066,0.9619,-5.1832,-2.9618,-1.9008,1,0,0
-0.2429,-0.0088,0.9814,-7.4351,-2.6107,-1.9695,1,0,0
-0.2415,-0.0273,0.9946,-8.4656,-1.2748,-2.1374,1,0,0
-0.2556,-0.0264,0.9773,-6.9313,-1.1527,-2.9389,1,0,0
-0.2502,-0.0137,0.9846,-8.4046,-1.4504,-2.855,1,0,0
-0.2732,-0.0317,0.9673,-9.9618,-3.0229,-2.1832,1,0,0
-0.2744,-0.0146,0.9583,-11.5267,-5.4351,-2.2672,1,0,0
-0.2581,-0.022,0.9653,-12.2214,-4.3053,-4.9542,1,0,0
-0.2559,-0.0752,0.9441,-9.6183,-6.4733,-4.7176,1,0,0
-0.2661,-0.0325,0.9744,-10.7939,-8.8015,-3.542,1,0,0
-0.2439,0.0076,1.0088,-17.1679,-7.6489,-4.374,1,0,0
-0.2593,-0.0776,1.012,-15.9847,-4.8244,-3.8168,1,0,0
-0.272,-0.1169,1.0117,-6.9695,-3.313,-3.0382,1,0,0
-0.2766,-0.0586,0.9878,-0.0534,-3.2137,-1.8397,1,0,0
-0.2769,-0.0554,0.9761,2.3817,-4.0229,-1.6565,1,0,0
-0.2664,-0.0381,0.9756,2.5496,-5.2748,-1.6641,1,0,0
-0.2627,-0.0437,0.9817,1.1603,-5.8168,-1.3969,1,0,0
-0.271,-0.0515,0.9878,-0.1679,-6.542,-0.8321,1,0,0
-0.2698,-0.051,0.9875,-0.5191,-6.9771,-1.1221,1,0,0
-0.2588,-0.0396,0.9973,-2.5649,-7.3588,-0.7939,1,0,0
-0.2529,-0.0466,1.0034,-4.3359,-6.916,-0.6794,1,0,0
-0.2488,-0.0676,1.0061,-2.7176,-5.9542,-1.542,1,0,0
-0.2463,-0.0579,1.0125,-0.7557,-4.1069,-1.3893,1,0,0
-0.26,-0.0544,1.0066,0.6107,-3.7023,-2.229,1,0,0
-0.2576,-0.0444,1.0017,1.313,-4.2901,-2.374,1,0,0
-0.2534,-0.0378,0.9932,1.4122,-4.2214,-3.1298,1,0,0
-0.2617,-0.0273,0.9856,-0.0763,-4.7481,-3.8244,1,0,0
-0.2708,-0.0234,0.9844,-1.2519,-6.5573,-4.9771,1,0,0
-0.2766,-0.0142,0.969,-1.8244,-9.3817,-6.4427,1,0,0
-0.2791,-0.0281,0.9504,-1.5878,-13.4656,-7.8855,1,0,0
-0.2813,-0.0337,0.9458,-0.3206,-18.0916,-9.3664,1,0,0
-0.2759,-0.0181,0.9434,1.7481,-23.4046,-11.0076,1,0,0
-0.2646,-0.0183,0.9387,2.2519,-27.4427,-14.3053,1,0,0
-0.2761,0.0044,0.928,2.3969,-33.2672,-17.8779,1,0,0
-0.3918,0.0049,0.8872,3.2824,-43.1756,-20.458,1,0,0
-0.262,0.0044,0.9197,4.7634,-54.1145,-23.5802,1,0,0
-0.3557,-0.0327,0.8928,7.9542,-70.3893,-24.1527,1,0,0
-0.2366,-0.0188,0.9165,12.4733,-77.0229,-28.4351,1,0,0
-0.0884,0.0244,0.98,19.229,-77.7863,-34.0916,0,0,0
-0.1606,0.0024,0.9985,23.6565,-81.4351,-36.6412,0,0,0
-0.1201,0.0273,1.0137,29.0229,-77.7099,-42.145,0,0,0
-0.1497,0.0012,1.022,36.2672,-78.2672,-46.4046,0,0,0
-0.1318,0.0259,1.019,39.4198,-78.4886,-50.0763,0,0,0
-0.1377,0.0249,1.0063,43.313,-83.5191,-53.0611,0,0,0
-0.0774,0.0054,1.0217,51.4656,-88.1298,-55.1985,0,0,0
-0.0437,-0.0183,1.0098,61.9313,-87.8092,-57.6183,0,0,0
0.0208,0.0266,1.0776,66.4198,-85.5878,-56.4275,0,0,0
0.0225,0.0283,1.0693,64.0153,-80.4809,-54.5954,0,0,0
0.032,0.0918,1.1196,60.9618,-76.7099,-57.3282,0,0,0
0.1077,0.168,1.1531,58.7634,-67.5191,-59.0305,0,0,0
0.0977,0.0063,1.1873,57.542,-54.5496,-56.8244,0,0,0
0.072,0.0242,1.1648,61.6641,-46.6336,-53.3206,0,0,0
0.0706,0.0344,1.1406,65.3435,-40.7557,-48.4885,0,0,0
0.051,0.0796,1.1101,65.0153,-38.1603,-43.0611,0,0,0
0.0713,0.1106,1.0908,62.5496,-36.4885,-39.229,0,0,0
0.0784,0.1267,1.0974,57.3588,-34.1908,-36.8397,0,0,0
0.094,0.135,1.1045,52.5267,-29.2443,-36.8702,0,0,0
0.0835,0.1306,1.0867,50.3282,-25.0305,-36.3969,0,0,0
0.1025,0.1025,1.0815,49.2977,-22.6565,-32.8473,0,0,0
0.1226,0.1494,1.1052,46.9008,-15.084,-29.9008,0,0,0
0.1199,0.1692,1.1111,43.8626,-7.0153,-26.4656,0,0,0
0.105,0.158,1.1018,46.0992,0.3359,-26.4351,0,0,0
0.0989,0.1431,1.0901,53.9924,6.9847,-24.7023,0,0,0
0.0776,0.1978,1.0562,57.6565,12.1985,-21.4962,0,0,0
0.0671,0.2598,1.0483,52.1298,15.1069,-19.4198,0,0,0
0.0635,0.2744,1.0566,42.3511,16.3511,-17.7634,0,0,0
0.0339,0.3127,1.0205,31.0534,18.8168,-17.0763,0,0,0
0.0703,0.3809,1.0229,19.8855,15.2977,-20.9542,0,0,0
0.019,0.3489,0.9731,2.7481,16.7328,-24.4504,0,0,0
-0.0149,0.3181,0.9602,-8.1985,10.1985,-24.4275,0,0,0
0.0039,0.2793,1.021,-15.2901,3.8855,-22.8702,0,0,0
0.0295,0.2583,1.0256,-22.8092,2.5878,-19.2137,0,0,0
0.0652,0.1716,1.0374,-26.4962,6.7481,-12.6489,0,0,0
0.0142,0.1523,1.0103,-27.8473,9.313,-6.7786,0,0,0
0.0447,0.1807,1.0476,-27.9771,13.6947,-0.5267,0,0,0
0.0093,0.1716,1.0588,-26.1756,17.855,1.3817,0,0,0
-0.0049,0.177,1.0078,-22.9237,18.9084,3.6489,0,0,0
0.0068,0.1753,0.9878,-21.7176,18.8931,6.4046,0,0,0
-0.0022,0.179,0.9856,-21.5114,19.1298,3.9008,0,0,0
-0.0027,0.145,0.9888,-19.7176,17.7252,3.626,0,0,0
-0.0085,0.1746,0.9949,-21.0076,18.6794,4.2137,0,0,0
-0.0474,0.1265,0.9563,-21.0611,13.1069,8.3359,0,0,0
-0.0286,0.1794,0.936,-21.1832,10.9618,11.4275,0,0,0
-0.0225,0.1182,0.9395,-22.6412,5.2519,14.4962,0,0,0
0.0186,0.1096,0.9729,-24.4504,5.229,19.6336,0,0,0
0.0034,0.1257,0.9653,-23.0153,5.5496,21.1145,0,0,0
0.0017,0.1313,0.9683,-15.7099,4.2366,18.7176,0,0,0
-0.0149,0.1484,0.9565,-7.7176,1.8168,15.5878,0,0,0
-0.0073,0.167,0.9653,-2.771,0.2137,13.0382,0,0,0
-0.0132,0.1934,0.9866,-2.3817,0.8702,11.4733,0,0,0
-0.0332,0.1472,0.9832,-2.5344,-1.3664,11.6412,0,0,0
-0.0098,0.1594,0.9934,-3.6565,-1.2443,13.0916,0,0,0
-0.0188,0.1174,0.9854,-5.5344,-1.4351,16.7939,0,0,0
-0.0208,0.0674,0.988,-4.5038,-2.3588,23.5954,0,0,0
0.0251,0.0801,1.0308,-0.771,2.1145,28.1298,0,0,0
-0.0737,0.1973,0.9536,1.2443,0.687,22.916,0,0,0
-0.0081,0.1292,0.9456,-3.7023,-3.9466,22.2748,0,0,0
-0.0505,0.1396,0.9712,4.0,-8.8626,20.4122,0,0,0
-0.0054,0.0627,0.9827,17.8397,-13.4504,19.229,0,0,0
0.0405,0.0566,0.9846,29.7939,-13.7023,21.5573,0,0,0
0.0061,0.218,0.9744,30.3359,-7.3435,19.6489,0,0,0
0.0042,0.1726,0.98,21.9847,-8.1832,19.1145,0,0,0
0.0032,0.2078,0.9993,10.8397,-9.0229,19.1298,0,0,0
-0.0176,0.2266,1.002,-1.3664,-11.1069,20.3282,0,0,0
0.0254,0.1541,0.9939,-8.7634,-13.1679,19.6718,0,0,0
0.0505,0.1682,1.0205,-10.0992,-8.687,17.4427,0,0,0
0.0073,0.1514,1.0273,-6.3206,-2.7405,16.2595,0,0,0
0.0601,0.113,1.0688,2.0382,-0.5649,20.0763,0,0,0
0.062,0.1072,1.0796,5.7328,7.5344,26.0382,0,0,0
0.0325,0.1292,1.0518,10.3359,13.8779,31.5802,0,0,0
-0.0063,0.0242,1.02,14.8473,18.084,37.2977,0,0,0
0.0674,0.2703,1.0999,13.145,28.3511,33.2443,0,0,0
0.0493,0.3013,1.0439,10.7252,26.9466,25.916,0,0,0
-0.0039,0.262,0.9934,4.8626,26.7328,20.6489,0,0,0
-0.0098,0.269,0.9966,4.1832,22.374,15.4656,0,0,0
-0.0164,0.1699,0.9773,8.687,17.3282,9.7099,0,0,0
-0.0164,0.2766,0.9797,11.1985,14.4885,4.7099,0,0,0
-0.074,0.3047,0.9636,2.4656,9.2901,-0.7176,0,0,0
-0.033,0.2561,0.9673,-4.7176,4.3664,-1.1221,0,0,0
-0.0083,0.2148,1.0132,-2.9847,5.6412,-0.4198,0,0,0
-0.0396,0.2102,1.0266,1.6565,7.3817,0.0153,0,0,0
-0.0364,0.2075,1.0042,5.9237,7.3969,3.145,0,0,0
0.0208,0.2759,1.0713,11.2366,12.6565,4.4351,0,0,0
-0.0562,0.2878,1.052,9.145,19.1298,0.0229,0,0,0
-0.0684,0.2278,1.0513,5.2824,23.3588,1.3053,0,0,0
-0.1125,0.2634,1.0334,0.9771,16.9237,3.5496,0,0,0
-0.0276,0.2463,1.05,4.7099,17.3969,4.9084,0,0,0
-0.0793,0.1152,1.0051,11.9695,17.0076,7.6794,0,0,0
-0.2593,0.24,0.7659,11.3893,-5.5115,2.7634,0,0,0
-0.1208,0.2666,0.8142,2.7557,-25.374,-0.8779,0,0,0
0.0039,0.342,0.9141,-1.6412,-32.5725,-7.4275,0,0,0
-0.0237,0.1719,1.0029,3.2977,-34.2443,-5.4733,0,0,0
-0.0652,0.1692,0.9875,7.8321,-29.8931,-0.2214,0,0,0
0.071,0.2329,1.002,9.5038,-30.5649,6.2214,0,0,0
0.0508,0.3083,1.0691,-2.6489,-14.4427,6.5267,0,0,0
0.0193,0.2856,1.0852,-11.229,-2.4427,3.6107,0,0,0
-0.0447,0.2349,1.0222,-8.2366,-1.7252,1.9084,0,0,0
-0.0715,0.2219,0.9714,-3.2748,-8.0382,0.8168,0,0,0
-0.0898,0.2053,0.9163,4.1679,-19.229,0.8168,0,0,0
-0.084,0.197,0.8811,10.8931,-32.0229,1.5802,0,0,0
-0.052,0.2251,0.8743,12.5802,-43.8702,1.6336,0,0,0
-0.053,0.2227,0.8665,9.1298,-55.9924,2.2595,0,0,0
0.0251,0.1892,0.9075,5.5954,-64.8931,3.5344,0,0,0
0.0413,0.1814,0.9248,3.313,-72.0534,7.2214,0,0,0
0.0991,0.1604,0.9751,-0.1298,-72.6641,11.3664,0,0,0
0.2646,0.2424,1.1663,-9.3817,-52.0458,12.5649,0,0,0
0.167,0.2178,1.1409,-15.5344,-31.0992,14.916,0,0,0
0.127,0.2478,1.0515,-17.4046,-18.5114,17.084,0,0,0
0.095,0.2119,0.9998,-12.9008,-15.6718,20.084,0,0,0
0.0061,0.1863,0.9214,-9.4351,-24.5496,22.0076,0,0,0
0.0498,0.1575,0.8882,-2.458,-41.1832,28.0076,0,0,0
0.0825,0.1228,0.8918,4.5191,-54.5573,31.0,0,0,0
0.1345,0.1658,0.9199,4.9466,-58.2443,30.1145,0,0,0
0.1592,0.1194,0.925,5.5954,-58.9237,28.3969,0,0,0
0.3022,0.2124,1.1384,-1.2748,-33.8702,28.6565,0,0,0
0.2781,0.2346,1.1633,-19.5802,-12.5344,38.1985,0,0,0
0.2444,0.2656,1.1504,-34.9084,5.8092,44.2977,0,0,0
0.248,0.2478,1.0955,-42.9313,18.8015,41.1679,0,0,0
0.2051,0.2004,1.0439,-43.8321,24.6718,31.6565,0,0,0
0.1731,0.1619,0.9983,-38.0,23.374,29.4275,0,0,0
0.127,0.1182,0.9326,-30.1374,14.8779,31.9237,0,0,0
0.146,0.146,0.9438,-20.6794,7.4656,32.5954,0,0,0
0.1943,0.1687,0.9771,-11.9084,6.5954,25.1069,0,0,0
0.2173,0.2944,1.0747,-14.9924,17.1908,11.8931,0,0,0
0.179,0.3015,1.1133,-27.9084,27.1679,3.1069,0,0,0
0.1587,0.2112,1.0999,-30.6336,31.9466,-1.6489,0,0,0
0.1355,0.1521,1.0579,-25.3511,30.5725,-4.8473,0,0,0
0.1372,0.1418,1.0159,-18.1069,28.8473,-8.3435,0,0,0
0.0901,0.1687,0.9414,-12.229,26.542,-12.2061,0,0,0
0.1384,0.2021,1.0171,-14.626,21.542,-15.1908,0,0,0
0.0879,0.1155,1.0,-16.1145,16.7863,-10.1756,0,0,0
0.168,0.0164,1.0662,-8.0916,12.9924,1.2672,0,0,0
0.1204,0.1348,1.0864,-1.4733,21.0382,3.9542,0,0,0
0.1489,0.175,1.0886,-2.1832,24.3817,4.2366,0,0,0
0.1035,0.156,1.0403,-1.2901,24.6107,2.8855,0,0,0
0.0447,0.1814,0.9656,1.084,16.0382,-0.3664,0,0,0
0.0522,0.1565,0.9148,3.2595,0.1756,-1.8931,0,0,0
0.0618,0.1663,0.8892,4.9237,-10.2748,-4.7405,0,0,0
0.1584,0.1565,1.0159,2.0992,-13.7328,-9.1679,0,0,0
0.1516,0.1172,1.0298,6.7405,-7.4656,-9.3435,0,0,0
0.1497,0.1453,1.0203,6.145,-5.9466,-7.145,0,0,0
0.1514,0.1477,1.0259,1.1679,-0.6565,-6.2977,0,0,0
0.1167,0.1472,0.9854,-1.8321,-0.771,-5.542,0,0,0
0.1121,0.147,0.9736,-4.2366,-4.2214,-4.1069,0,0,0
0.1313,0.1667,0.9766,-8.5496,-9.6565,-3.9008,0,0,0
0.1167,0.1296,0.9646,-3.9313,-10.1374,-4.3282,0,0,0
0.0994,0.1357,0.938,0.3435,-14.6489,-5.229,0,0,0
0.0889,0.1357,0.9287,2.2595,-22.1069,-4.4351,0,0,0
0.1028,0.1323,0.9314,5.6336,-28.916,-4.1221,0,0,0
0.1213,0.1709,0.9395,2.8855,-34.5267,-5.7786,0,0,0
0.1382,0.2058,0.9985,-4.145,-33.9771,-7.8626,0,0,0
0.1631,0.1843,1.0486,-6.8321,-29.4733,-9.374,0,0,0
0.1655,0.1726,1.0303,-3.542,-24.0992,-12.0076,0,0,0
0.1287,0.2068,1.0063,-3.6947,-25.2519,-13.5878,0,0,0
0.1533,0.1873,1.0061,-3.5344,-25.3435,-14.3053,0,0,0
0.1472,0.1572,1.0256,0.7099,-24.1145,-13.7176,0,0,0
0.1584,0.1899,1.0386,2.626,-20.7252,-14.8168,0,0,0
0.1013,0.1453,0.9473,1.5191,-22.9084,-12.0,0,0,0
0.2168,0.2202,1.0457,-2.3664,-20.6489,-9.9237,0,0,0
0.1746,0.1389,1.043,-1.6336,-17.2137,-8.5878,0,0,0
0.1846,0.2297,1.0476,-5.8855,-11.4733,-12.6183,0,0,0
0.1797,0.1772,1.0208,-6.8168,-11.0687,-13.0305,0,0,0
0.2046,0.1372,1.033,-4.8397,-8.5954,-10.3664,0,0,0
0.1987,0.1221,1.031,-0.0611,-3.6336,-7.4427,0,0,0
0.1709,0.1587,1.0132,4.8168,-0.2214,-7.5878,0,0,0
0.1653,0.1641,0.9834,4.8397,1.0153,-8.5878,0,0,0
0.1572,0.1726,0.9766,2.6794,1.6718,-8.2214,0,0,0
0.1519,0.1587,0.9719,1.0458,1.1374,-8.2214,0,0,0
0.1516,0.1729,0.9692,0.9847,-1.1298,-9.4122,0,0,0
0.1797,0.1799,0.9744,1.5573,-2.6183,-9.9618,0,0,0
0.1863,0.1804,0.9961,-0.229,-0.4275,-10.3817,0,0,0
0.1758,0.1809,1.0034,-4.0763,1.6412,-11.374,0,0,0
0.158,0.178,1.0037,-7.1679,1.1985,-11.2595,0,0,0
0.135,0.1426,0.9766,-9.4046,-1.8092,-8.7634,0,0,0
0.1365,0.114,0.9878,-8.0534,-5.5191,-5.6641,0,0,0
0.1331,0.0989,0.9792,-2.4962,-7.3435,-3.0458,0,0,0
0.1296,0.1133,0.9888,3.9389,-9.3359,-1.0305,0,0,0
0.1377,0.1255,0.9912,7.1908,-9.2443,1.0076,0,0,0
0.1355,0.1536,1.0176,6.3817,-7.0458,1.1298,0,0,0
0.1157,0.1384,1.0063,4.9847,-4.1908,-0.4809,0,0,0
0.0986,0.1204,1.0002,3.855,-3.3282,0.2366,0,0,0
0.103,0.104,0.99,4.0687,-3.771,2.1298,0,0,0
0.0847,0.1096,0.9846,5.3588,-6.1603,4.2977,0,0,0
0.0996,0.1375,1.0059,5.5802,-8.9389,5.229,0,0,0
0.0962,0.1646,1.0039,3.6412,-11.2519,4.4122,0,0,0
0.1174,0.1746,1.0146,0.6489,-13.9466,3.0687,0,0,0
0.1436,0.1677,1.041,-2.3893,-15.0229,1.6718,0,0,0
0.1748,0.1299,1.0588,-2.4275,-14.2748,1.5954,0,0,0
0.1907,0.1208,1.0757,0.0458,-10.1298,1.9618,0,0,0
0.179,0.1187,1.0657,1.5725,-4.8321,2.4046,0,0,0
0.1553,0.1211,1.0391,1.687,-2.5191,4.4885,0,0,0
0.1489,0.1335,1.0193,0.0229,-3.2137,6.5802,0,0,0
0.1599,0.1411,1.0168,-1.2061,-5.6565,7.5878,0,0,0
0.1699,0.1545,1.0286,-0.6489,-7.7405,7.9847,0,0,0
0.1821,0.1658,1.0347,-0.9313,-7.5878,7.2061,0,0,0
0.1997,0.1543,1.0491,-0.4198,-7.2519,6.2595,0,0,0
0.2092,0.1682,1.0562,0.0076,-4.9618,4.6336,0,0,0
0.2017,0.1655,1.0415,0.2977,-3.542,4.3511,0,0,0
0.2002,0.179,1.0364,0.3969,-3.3893,4.5573,0,0,0
0.1965,0.1685,1.0203,-0.1374,-3.7939,4.8244,0,0,0
0.2129,0.1614,1.0171,1.2901,-4.5954,4.2748,0,0,0
0.2104,0.166,1.0125,4.4809,-4.687,4.374,0,0,0
0.209,0.1887,1.0105,6.4122,-5.2366,4.771,0,0,0
0.2187,0.1912,1.01,7.2977,-5.6794,4.5725,0,0,0
0.2285,0.1992,1.0159,6.6412,-4.2443,3.0305,0,0,0
0.2285,0.2102,1.0132,4.2519,-1.855,1.8702,0,0,0
0.2268,0.2004,1.0051,1.1603,-0.5573,0.8855,0,0,0
0.2253,0.1814,0.9941,-0.9542,-0.8092,1.4504,0,0,0
0.2244,0.1663,0.9768,-2.145,-0.7557,1.4885,0,0,0
0.2249,0.156,0.9692,-1.8779,-1.2443,1.4122,0,0,0
0.2222,0.1511,0.9687,-0.6641,-2.0,1.9313,0,0,0
0.2166,0.1543,0.9727,0.9695,-2.5725,1.8931,0,0,0
0.2156,0.1465,0.9609,2.9771,-4.2977,3.0153,0,0,0
0.2102,0.1414,0.9695,4.7405,-5.4275,3.2443,0,0,0
0.2131,0.1648,0.98,5.5115,-5.4351,2.9847,0,0,0
0.2053,0.1528,0.9656,5.145,-6.8244,4.0763,0,0,0
0.2185,0.1484,0.9749,4.6107,-6.7786,5.6031,0,0,0
0.2168,0.1499,0.9749,2.5267,-5.7099,8.1603,0,0,0
0.2187,0.1428,0.9902,3.9084,-4.6641,10.4733,0,0,0
0.2202,0.1636,0.9958,4.5878,-3.1603,12.3969,0,0,0
0.2053,0.1709,0.9836,3.2214,-2.8626,13.9237,0,0,0
0.2112,0.1724,0.9839,1.9466,-3.5115,15.1069,0,0,0
0.2087,0.1777,0.9785,1.0076,-3.6641,17.0229,0,0,0
0.2229,0.1521,0.9951,0.2748,-3.6031,19.4275,0,0,0
0.2388,0.1436,1.0234,-1.6794,-0.8473,23.313,0,0,0
0.2676,0.1594,1.0723,-5.1145,5.7099,30.9008,0,0,0
0.2573,0.1567,1.0732,-9.6565,15.1908,35.4198,0,0,0
0.2434,0.175,1.0461,-16.0153,21.1908,41.0,0,0,0
0.2007,0.166,0.9976,-21.1527,21.0153,44.687,0,0,0
0.1719,0.1462,0.9646,-22.8855,15.7939,46.2137,0,0,0
0.1965,0.1492,0.9514,-21.4504,10.2137,45.1145,0,0,0
0.1816,0.1353,0.9565,-18.6183,4.8321,42.0916,0,0,0
0.1885,0.1411,0.9639,-16.3511,-0.0229,40.6489,0,0,0
0.2095,0.1313,0.9888,-13.0382,-3.2672,39.5802,0,0,0
0.2322,0.1321,1.0117,-10.8702,-2.7557,37.9237,0,0,0
0.2266,0.1533,1.041,-11.6718,0.2214,35.3588,0,0,0
0.2314,0.1592,1.0547,-13.0382,2.8702,33.5802,0,0,0
0.2273,0.1558,1.0581,-13.8321,6.5954,31.8321,0,0,0
0.2119,0.165,1.0513,-13.7176,8.6183,28.9847,0,0,0
0.2056,0.1577,1.0369,-12.3969,9.4275,25.145,0,0,0
0.1926,0.1365,1.0168,-9.2137,8.5954,22.1145,0,0,0
0.1763,0.1409,0.9978,-3.2519,6.4275,20.0153,0,0,0
0.1777,0.1648,0.9832,-0.0992,4.5267,15.5573,0,0,0
0.179,0.1763,0.9814,0.1221,1.855,12.4046,0,0,0
0.188,0.1599,0.9812,-1.5496,-0.1298,11.3893,0,0,0
0.1997,0.1619,0.99,-5.6412,-0.9847,12.542,0,0,0
0.2087,0.1353,1.0081,-8.1908,-0.5344,13.1985,0,0,0
0.2146,0.1152,1.0076,-8.2748,1.458,12.6412,0,0,0
0.2236,0.1243,1.0005,-8.4504,4.6107,11.7481,0,0,0
0.2129,0.1201,0.9878,-8.0076,6.2137,10.5954,0,0,0
0.1934,0.1116,0.9739,-6.5573,5.2214,9.7099,0,0,0
0.1909,0.1021,0.9697,-4.8626,3.1603,9.1221,0,0,0
0.1997,0.1052,0.9724,-2.542,1.0153,9.2137,0,0,0
0.1982,0.1113,0.9834,0.0229,-1.2443,9.4733,0,0,0
0.2043,0.1082,0.9873,1.2595,-3.0611,9.7328,0,0,0
0.2041,0.1321,0.988,0.9847,-4.0076,8.9695,0,0,0
0.2075,0.1221,0.9966,-0.687,-4.2214,8.6947,0,0,0
0.2104,0.1128,1.0056,-2.6412,-4.5267,8.626,0,0,0
0.2229,0.0903,1.0276,-2.9847,-2.5878,8.916,0,0,0
0.2327,0.0857,1.0293,-1.3893,-1.1298,9.3282,0,0,0
0.2256,0.1099,1.0225,-1.6183,1.3282,8.5878,0,0,0
0.2219,0.1111,1.0303,-2.5344,2.2748,9.2214,0,0,0
0.2197,0.1201,1.0334,-2.8168,3.0076,8.7863,0,0,0
0.2144,0.1152,1.0208,-2.8626,3.5344,7.916,0,0,0
0.2085,0.1045,1.01,-3.1145,2.9389,8.229,0,0,0
0.2151,0.1013,1.0208,-1.8779,2.542,8.2748,0,0,0
0.2263,0.092,1.0276,-1.3435,3.0229,8.7786,0,0,0
0.21,0.0898,1.0176,-0.2977,2.7557,9.1679,0,0,0
0.2139,0.0957,1.0188,0.4962,3.1679,9.084,0,0,0
0.2083,0.1045,1.0042,-0.1298,3.4885,9.229,0,0,0
0.2092,0.0979,1.0078,-0.9695,3.0611,10.1221,0,0,0
0.2019,0.0972,1.0059,-0.084,2.626,11.0611,0,0,0
0.2009,0.0969,1.0105,0.1679,2.2519,12.6183,0,0,0
0.1902,0.0986,1.001,0.5954,0.8626,13.9389,0,0,0
0.2063,0.1089,1.0107,0.7405,1.0,13.9924,0,0,0
0.1924,0.1274,1.0088,0.5725,0.7481,13.4733,0,0,0
0.2036,0.1235,1.0098,0.7176,0.542,12.8015,0,0,0
0.2078,0.1333,1.0112,0.7634,1.4351,11.4809,0,0,0
0.2073,0.1333,1.0154,1.0687,2.5115,9.5038,0,0,0
0.2065,0.1218,1.0085,1.9618,3.0153,8.0611,0,0,0
0.2095,0.1162,1.0129,2.313,5.1985,7.8779,0,0,0
0.1987,0.1206,1.0024,2.2824,5.6031,7.9466,0,0,0
0.1848,0.1204,0.9851,1.7099,4.5115,8.5115,0,0,0
0.1848,0.145,0.9885,0.542,3.8168,8.0229,0,0,0
0.186,0.1611,0.9761,0.0687,1.5802,5.8931,0,0,0
0.1809,0.166,0.9673,0.2137,-1.0992,3.2443,0,0,0
0.1895,0.1758,0.9883,0.7863,-2.4656,-0.2443,0,0,0
0.2024,0.1765,0.9988,2.9237,-2.1756,-5.0763,0,0,0
0.1953,0.1838,0.988,4.6031,-1.1221,-8.9313,0,0,0
0.2014,0.1782,0.988,3.6336,-0.458,-12.3588,0,0,0
0.2136,0.1487,1.0,4.4275,0.3359,-14.0458,0,0,0
0.2053,0.1477,1.0022,6.1527,2.2901,-15.4275,0,0,0
0.1924,0.1641,0.9883,6.2519,2.8931,-18.0687,0,0,0
0.2056,0.1963,1.0029,7.2672,2.8931,-23.5344,0,0,0
0.1926,0.166,0.9873,10.1679,1.7023,-28.0611,0,0,0
0.1892,0.1707,0.9753,15.6565,1.1527,-35.8702,0,0,0
0.1865,0.189,0.9658,22.0076,-0.5802,-43.1069,0,0,0
0.1721,0.1746,0.9541,26.7634,-4.229,-47.7176,0,0,0
0.1821,0.1819,0.9617,29.145,-7.8321,-48.5878,0,0,0
0.1824,0.1877,0.9719,26.8931,-11.313,-47.4885,0,0,0
0.1912,0.1924,0.9753,21.4504,-13.0458,-45.0763,0,0,0
0.2024,0.199,0.9851,17.9542,-13.8702,-46.5878,0,0,0
0.1895,0.1982,0.98,12.9695,-15.2901,-47.2977,0,0,0
0.1836,0.1672,0.9583,9.8626,-17.1298,-48.1374,0,0,0
0.1765,0.1538,0.949,10.5649,-20.4656,-47.6565,0,0,0
0.1611,0.123,0.9226,15.5267,-26.6947,-46.2901,0,0,0
0.1931,0.1421,0.9436,22.1145,-30.9084,-45.2748,0,0,0
0.2073,0.1897,0.9604,23.8855,-33.2443,-44.0916,0,0,0
0.2148,0.2012,0.9685,20.5878,-33.0076,-40.9313,0,0,0
0.2175,0.1855,0.988,15.3282,-32.9542,-36.2214,0,0,0
0.2332,0.1636,0.9978,12.0229,-31.9924,-32.145,0,0,0
0.2537,0.1858,1.0225,9.2366,-30.145,-28.2519,0,0,0
0.2671,0.1807,1.0303,9.5649,-25.8168,-28.4351,0,0,0
0.2522,0.2046,1.019,9.1908,-21.8855,-27.7634,0,0,0
0.2542,0.2185,1.009,5.3282,-19.6718,-25.9695,0,0,0
0.2346,0.1824,0.9851,3.4351,-20.916,-22.7939,0,0,0
0.2385,0.1819,0.9814,4.5344,-22.5573,-19.2977,0,0,0
0.2356,0.1921,0.9766,5.5573,-24.687,-15.9771,0,0,0
0.2615,0.2068,0.9695,6.3359,-25.9008,-14.3664,0,0,0
0.2556,0.2417,0.9944,3.0076,-24.6794,-14.3206,0,0,0
0.2563,0.2212,0.989,0.4198,-25.4962,-14.313,0,0,0
0.2639,0.1987,0.9861,-0.4962,-25.4198,-12.458,0,0,0
0.2573,0.1882,0.97,0.0992,-26.7939,-9.229,0,0,0
0.281,0.2036,0.988,0.4046,-26.3435,-4.9084,0,0,0
0.2864,0.208,0.9971,-2.4809,-25.1756,0.3893,0,0,0
0.2959,0.2136,1.0083,-7.2137,-23.0687,4.4733,0,0,0
0.3,0.2178,1.0032,-11.2519,-19.0076,7.1221,0,0,0
0.3069,0.2065,0.9949,-13.3969,-16.1679,7.4962,0,0,0
0.2949,0.1951,0.9849,-13.4733,-13.9771,7.3893,0,0,0
0.2874,0.1804,0.9705,-10.6565,-14.145,8.6336,0,0,0
0.2869,0.1772,0.9526,-5.4046,-15.6031,9.8015,0,0,0
0.2822,0.1978,0.9692,-0.6183,-15.9084,10.8626,0,0,0
0.2515,0.1865,0.9104,0.9542,-20.2519,11.1298,0,0,0
0.3196,0.1733,0.9568,1.4504,-21.2977,13.8397,0,0,0
0.323,0.2097,0.9956,-4.2672,-17.1832,17.084,0,0,0
0.3169,0.1711,0.9937,-9.0229,-14.4427,20.6336,0,0,0
0.3254,0.1643,0.9995,-14.8397,-11.9084,28.8015,0,0,0
0.3149,0.136,0.9944,-17.2519,-9.855,36.5573,0,0,0
0.3459,0.1499,1.0024,-17.7405,-6.9924,40.8015,0,0,0
0.3376,0.1782,0.9841,-18.8397,-4.0458,42.6336,0,0,0
0.3301,0.209,0.9956,-20.0687,-2.0763,40.9695,0,0,0
0.3325,0.198,0.9902,-19.2672,-0.2214,37.4275,0,0,0
0.3411,0.1934,0.9834,-16.8397,1.1221,34.229,0,0,0
0.3333,0.179,0.9788,-14.3588,2.1221,33.4275,0,0,0
0.3757,0.1509,1.0498,-12.2061,6.1908,34.1603,0,0,0
0.3835,0.1936,1.0662,-11.4885,15.5649,37.0687,0,0,0
0.3809,0.2104,1.0686,-12.9771,24.5954,37.0763,0,0,0
0.3572,0.2261,1.0344,-17.4122,32.4733,32.8397,0,0,0
0.3306,0.2131,1.0061,-19.1069,37.5802,26.5267,0,0,0
0.3069,0.1978,0.9797,-19.5191,38.0382,20.7099,0,0,0
0.3,0.1672,0.9736,-21.084,36.687,18.6489,0,0,0
0.3108,0.1465,0.9827,-19.771,37.5267,19.7481,0,0,0
0.3047,0.1475,0.9958,-17.2977,38.7786,20.3817,0,0,0
0.2852,0.1738,1.0017,-17.7939,41.0153,16.8168,0,0,0
0.2463,0.1914,0.9702,-19.4809,40.0153,11.4275,0,0,0
0.2776,0.1636,1.0017,-20.3817,38.3206,6.8626,0,0,0
0.2925,0.1367,1.0232,-18.1756,41.0076,5.313,0,0,0
0.3218,0.1497,1.0579,-13.6336,46.542,3.0076,0,0,0
0.259,0.1362,1.0232,-8.916,51.4885,-1.0916,0,0,0
0.2607,0.1694,1.0095,-7.3206,54.1985,-6.5496,0,0,0
0.2236,0.1465,0.9878,-5.0763,52.7176,-10.0992,0,0,0
0.1914,0.1567,0.9739,-2.374,48.0153,-15.2061,0,0,0
0.2007,0.1208,0.991,11.5802,43.4122,-28.3053,0,0,0
0.1855,0.1626,0.9761,27.7023,41.9466,-43.1908,0,0,0
0.168,0.1851,0.98,34.9924,41.0,-50.855,0,0,0
0.1616,0.2029,0.9541,34.084,37.2595,-50.3511,0,0,0
0.1292,0.1743,0.9229,28.3969,31.2977,-47.7634,0,0,0
0.1362,0.1965,0.9431,24.5878,24.0458,-50.1603,0,0,0
0.0979,0.2222,0.9016,23.4198,13.2595,-57.8779,0,0,0
0.1055,0.2505,0.9097,21.4351,2.2443,-62.313,0,0,0
0.0664,0.2302,0.8472,19.5725,-11.9542,-67.0916,0,0,0
0.0679,0.2317,0.8379,17.5878,-28.2366,-68.2443,0,0,0
0.0432,0.2373,0.7942,18.1298,-46.7939,-65.1679,0,0,0
0.0771,0.1628,0.8267,15.3282,-63.1145,-56.374,0,0,0
0.2053,0.1074,0.9319,16.2901,-63.6107,-47.2901,0,0,0
0.1643,0.1306,0.9663,14.9542,-72.8626,-32.229,0,0,0
0.2522,0.1636,0.989,15.9008,-69.4962,-26.6794,0,0,0
0.1582,0.1453,0.9341,18.0687,-69.4046,-22.2901,0,0,0
0.2744,0.1643,0.9824,14.6031,-72.6565,-17.626,0,0,0
0.3381,0.1331,1.0579,10.1298,-66.4886,-3.2061,0,0,0
0.4167,0.1079,1.1099,3.0611,-49.6641,12.7786,0,0,0
0.3945,0.1816,1.1284,-4.7557,-32.855,19.7099,0,0,0
0.3789,0.1987,1.1252,-11.374,-15.4427,22.1145,0,0,0
0.3552,0.177,1.1072,-16.6031,-1.0153,24.4275,0,0,0
0.3096,0.178,1.0461,-22.5573,7.7099,28.7634,0,0,0
0.2852,0.1587,0.9922,-25.6489,11.0916,30.3359,0,0,0
0.311,0.179,1.0266,-30.0153,9.2519,28.8015,0,0,0
0.2791,0.1301,0.9763,-30.5267,6.0305,33.8779,0,0,0
0.3804,0.1228,1.0701,-29.7405,16.3817,38.7863,0,0,0
0.2876,0.217,1.0142,-31.0763,20.2901,39.458,0,0,0
0.3042,0.1738,1.0176,-39.2443,25.1527,35.2061,0,0,0
0.2124,0.1489,0.9158,-47.0229,22.7252,35.1374,0,0,0
0.2705,0.1084,0.9675,-45.3359,22.8931,32.8244,0,0,0
0.2131,0.137,0.9912,-34.374,24.1756,33.3053,0,0,0
0.2908,0.1455,1.0049,-35.855,31.5802,37.7405,0,0,0
0.2534,0.1228,0.9819,-33.6412,39.7481,37.1221,0,0,0
0.2661,0.0447,1.0176,-22.0763,43.626,36.3435,0,0,0
0.2329,0.0273,1.0088,-1.6107,49.1985,39.2137,0,0,0
0.238,0.0764,1.0112,14.2901,57.9695,39.3359,0,0,0
0.1428,0.1399,0.9333,16.2214,58.8473,44.3664,0,0,0
0.2769,0.1458,1.0654,9.5725,63.5038,47.7863,0,0,0
0.219,0.0693,1.1621,18.0534,77.1985,47.8779,0,0,0
0.1799,0.0581,1.1445,21.1069,84.7786,53.8244,0,0,0
0.1313,0.21,1.0251,18.2061,81.6489,48.4733,0,0,0
-0.0708,0.2388,0.792,1.6718,61.8473,39.1908,0,0,0
0.0278,0.1995,0.8433,-16.3206,39.0763,32.6107,0,0,0
0.0344,0.1624,0.8926,-16.855,16.0763,15.8015,0,0,0
0.1487,0.1113,1.0435,-13.084,11.1221,5.2824,0,0,0
0.0474,0.1985,1.0452,-9.8397,7.2977,-2.2901,0,0,0
0.0793,0.2114,1.0168,-20.5267,-0.8397,-11.7939,0,0,0
0.0735,0.196,0.9863,-35.0076,-19.4351,-24.1832,0,0,0
0.1355,-0.0271,1.0339,-32.145,-33.2595,-30.8931,0,0,0
0.1541,-0.0696,1.1035,-12.5496,-32.3282,-22.145,0,0,0
0.1213,0.0212,1.0615,-5.2748,-22.2443,-21.4122,0,0,0
0.1506,0.1211,0.9919,-4.3664,-21.145,-26.9466,0,0,0
0.1694,0.1274,1.0061,6.4122,-23.6641,-19.5191,0,0,0
0.2102,0.105,0.9924,17.145,-17.4504,-21.3511,0,0,0
0.073,-0.1003,1.0547,30.0076,-7.0992,-24.0763,0,0,0
0.2839,0.1196,1.104,45.0687,-0.3969,-16.7634,0,0,0
0.1609,0.1787,1.0291,44.5267,9.626,-19.6183,0,0,0
0.0933,0.2166,0.9441,33.0611,1.0992,-25.6489,0,0,0
-0.199,0.1736,0.8,15.6794,-6.8397,-31.8015,0,0,0
0.0474,0.1863,0.8701,2.2977,-26.4275,-21.2977,0,0,0
0.0256,0.0696,0.9045,-12.6183,-33.3588,-21.9313,0,0,0
0.1592,0.0894,0.958,-13.0305,-37.374,-16.2443,0,0,0
0.1558,0.0823,0.9736,-9.8931,-43.5725,-13.313,0,0,0
0.2227,0.1062,0.9939,-6.8855,-41.0611,-9.3664,0,0,0
0.0615,0.126,0.8823,-7.6031,-49.4885,-13.5802,0,0,0
0.2302,0.1936,0.9636,-14.0229,-44.4198,-12.6031,0,0,0
0.2317,0.1812,0.9509,-15.4504,-43.1298,-20.084,0,0,0
0.1255,0.1047,0.9246,-14.1679,-51.4885,-15.8931,0,0,0
0.0842,0.2578,0.8066,-20.1069,-65.8855,-30.9466,0,0,0
0.1702,0.1663,0.7964,-16.4656,-81.4657,-42.5878,0,0,0
0.3169,0.0417,1.051,-10.5191,-80.5878,-41.3588,0,0,0
0.4519,0.0293,1.1697,7.5115,-52.1908,-30.313,0,0,0
0.4321,0.0657,1.1614,14.6565,-21.7786,-23.2748,0,0,0
0.3833,0.1145,1.1096,8.4809,-0.5038,-13.2824,0,0,0
0.3115,0.1738,1.0454,2.4351,8.7023,-6.1603,0,0,0
0.3337,0.2134,1.0254,-4.0611,19.2061,-4.0382,0,0,0
0.2307,0.179,0.9421,0.3969,8.5573,-4.7023,0,0,0
0.2666,0.1643,0.9697,-10.1832,20.4504,-1.2061,0,0,0
0.2329,0.0356,1.0046,-7.6336,22.1145,6.458,0,0,0
0.2068,0.0422,1.054,-0.2977,33.5802,26.2061,0,0,0
0.1812,0.1152,1.0171,2.9237,42.916,46.2443,0,0,0
0.2544,0.1084,1.002,3.2519,40.4351,49.2672,0,0,0
0.2791,0.1787,1.0469,1.4656,36.6794,40.9542,0,0,0
0.1597,0.0884,1.0146,4.2366,31.9466,24.4885,0,0,0
0.2688,0.031,1.03,13.3359,20.916,10.1069,0,0,0
0.2104,0.1328,1.0244,2.3053,22.2214,4.8015,0,0,0
0.0828,0.095,0.9529,-6.229,11.8168,12.6031,0,0,0
0.1975,0.1038,0.9924,-6.542,6.6641,9.8702,0,0,0
0.1589,0.0664,1.0081,-5.1374,4.6794,6.0763,0,0,0
0.1875,0.0671,1.0283,-2.8931,6.3893,5.8702,0,0,0
0.198,0.1125,1.019,-4.4046,7.6565,5.3588,0,0,0
0.1919,0.1274,0.9805,-11.2366,7.5725,6.1908,0,0,0
0.1421,0.1091,0.9885,-15.4122,5.4656,6.7481,0,0,0
0.1489,0.1199,0.9844,-19.626,-2.6718,6.542,0,0,0
0.2131,0.1108,1.0225,-20.8473,-6.3817,-0.4733,0,0,0
0.2827,0.0618,1.0676,-7.4351,0.2824,-8.4275,0,0,0
0.2952,-0.0271,1.1243,14.771,15.1756,-17.1985,0,0,0
0.1917,0.0227,1.0708,39.3053,21.542,-16.084,0,0,0
0.1575,0.123,1.0396,39.0916,27.0305,-3.1298,0,0,0
0.1448,0.2317,0.9863,20.1527,20.1832,1.8779,0,0,0
0.1548,0.2119,0.9868,7.5573,16.0076,-2.145,0,0,0
0.1357,0.2004,0.9883,-2.2137,9.8015,0.8702,0,0,0
-0.1492,0.1619,0.7483,3.7786,-8.8321,-10.2977,0,0,0
-0.1504,-0.0842,0.5471,43.5878,-55.9771,-28.0992,0,0,0
0.6394,0.3792,1.0508,2.8855,-28.5649,-27.9542,0,0,0
0.3091,0.2527,1.0676,-5.5496,-7.7557,-13.4733,0,0,0
0.2034,0.2146,1.0359,-1.9924,3.1908,-14.2366,0,0,0
0.2163,0.2012,1.0615,-11.4885,8.1374,-11.6794,0,0,0
0.1711,0.1675,1.1106,-22.0153,10.229,-8.4427,0,0,0
0.2791,0.0791,1.1042,-17.3969,13.1145,-6.2901,0,0,0
0.231,0.042,1.1438,-24.3053,47.2137,11.5649,0,0,0
0.0073,0.1675,1.0564,-23.5725,31.8626,5.1832,0,0,0
0.1997,0.0,1.0664,-11.9313,29.2748,-1.2977,0,0,0
0.1016,0.0864,1.0259,-7.8473,22.9847,-2.9466,0,0,0
0.1438,0.0129,1.033,-6.5878,18.313,-2.8168,0,0,0
0.1177,0.0176,1.0449,0.1527,18.9313,-1.3282,0,0,0
0.1309,-0.0093,1.0193,6.1069,19.6031,3.1527,0,0,0
0.2458,-0.1057,0.9341,23.7328,14.2137,14.4046,0,0,0
0.0815,-0.1704,0.8215,46.7634,1.0458,24.8931,0,0,0
0.0271,0.0886,0.9072,57.1374,5.8244,19.7023,0,0,0
-0.0217,0.304,0.9236,25.7023,5.5649,6.3664,0,0,0
0.178,0.2622,0.9944,14.626,4.8397,1.6794,0,0,0
0.1445,0.3071,0.9739,-0.9237,6.0153,0.8473,0,0,0
0.2229,0.239,0.9683,-10.7252,4.3969,3.2061,0,0,0
0.186,0.1946,1.0161,-20.4275,6.6336,9.2443,0,0,0
0.1545,0.1448,1.0652,-19.9008,8.3053,4.8473,0,0,0
0.1924,0.1123,1.0652,-13.0916,10.1298,-0.6183,0,0,0
0.0417,0.0928,1.0015,-3.0992,9.4809,-4.4656,0,0,0
0.1589,0.0732,1.0317,3.5573,7.7863,1.8855,0,0,0
0.0618,0.0803,0.9976,7.3969,1.6031,5.1298,0,0,0
0.175,0.0789,1.0103,14.145,5.9695,8.0382,0,0,0
0.0386,0.1499,0.9189,18.8626,-1.9466,-1.7634,0,0,0
0.051,0.2307,0.9709,13.9084,-7.1679,-6.855,0,0,0
0.0896,0.2732,0.9746,-2.3053,-9.3282,-6.2137,0,0,0
0.0962,0.2078,0.9646,-17.5496,-12.9008,-1.5802,0,0,0
0.1277,0.2158,0.9421,-29.0687,-17.7786,-5.145,0,0,0
0.1521,0.1553,0.9089,-33.084,-24.4504,-5.0305,0,0,0
0.1345,0.1589,0.9666,-29.6489,-33.4427,-10.1374,0,0,0
0.1477,0.146,1.0054,-23.9389,-35.0534,-10.0,0,0,0
0.2007,0.1008,1.0632,-17.1908,-32.0382,-0.8931,0,0,0
0.157,0.0896,1.03,-10.7099,-28.9618,4.8473,0,0,0
0.1501,0.1536,1.0005,-8.5649,-29.6107,8.6183,0,0,0
0.1343,0.1814,0.9836,-10.1832,-30.3053,8.6565,0,0,0
0.1992,0.2026,0.9924,-14.5649,-31.3588,5.2366,0,0,0
0.1731,0.1687,1.0159,-15.2443,-28.8321,2.4885,0,0,0
0.2217,0.1458,1.0476,-12.5344,-24.6565,3.1527,0,0,0
0.1985,0.0486,1.0801,-2.4885,-19.6412,7.458,0,0,0
0.3015,-0.1013,1.2075,15.1145,-6.0534,5.374,0,0,0
0.1982,0.1292,1.062,23.5954,-11.0992,9.0534,0,0,0
0.3306,0.2734,1.1152,23.4198,9.7099,-3.1679,0,0,0
0.3179,0.0955,1.1125,19.084,33.7863,-2.7328,0,0,0
0.2112,0.1201,0.9919,2.8626,34.9466,1.2748,0,0,0
0.1501,0.1577,1.0056,-9.0458,33.1069,6.5573,0,0,0
0.1826,0.1333,1.0769,-11.4885,36.7939,-4.2672,0,0,0
0.1836,0.1575,1.03,-17.855,27.9237,10.4046,0,0,0
0.3159,0.2061,1.0591,-13.2824,32.7099,-8.4046,0,0,0
-0.1963,0.0493,0.8889,-17.1145,25.6183,3.2214,0,0,0
0.1738,0.1838,1.0234,-23.5191,27.3664,9.6489,0,0,0
0.2014,0.1472,1.0176,-26.1374,26.5725,6.8015,0,0,0
0.1848,0.1072,1.0107,-23.7481,23.9008,4.0305,0,0,0
0.1711,0.0935,1.0381,-16.084,26.8321,-2.5725,0,0,0
0.1226,0.1499,0.9875,-18.0992,24.4504,-10.5649,0,0,0
0.1333,0.1179,1.0198,-17.2748,25.2901,-17.9389,0,0,0
0.1367,0.0762,0.99,-21.4427,22.0687,-21.4046,0,0,0
0.0408,-0.002,0.9883,-13.4046,16.7481,-20.3206,0,0,0
0.0146,0.0962,0.9468,-11.9084,9.916,-5.7863,0,0,0
0.041,0.093,0.9155,-19.374,-1.916,-3.1527,0,0,0
0.0654,0.0713,0.907,-24.4122,-12.6947,-0.1985,0,0,0
0.0725,0.1458,0.8684,-26.3893,-18.5191,5.7252,0,0,0
0.1123,0.0203,0.895,-27.0229,-29.6947,0.5725,0,0,0
0.1401,-0.0293,1.031,-6.7557,-31.6107,-8.7328,0,0,0
0.1753,-0.0457,1.0615,21.5344,-28.5191,-14.6183,0,0,0
0.2563,-0.0002,1.0645,43.1069,-18.8626,-13.0992,0,0,0
0.1768,0.0764,1.0344,54.9618,-14.4427,-10.4275,0,0,0
0.1545,0.1189,1.0095,55.3359,-11.3359,-8.5115,0,0,0
0.1426,0.1465,0.9749,50.687,-9.5954,-5.5725,0,0,0
0.1638,0.1565,0.959,40.6031,-11.9084,-6.4351,0,0,0
0.1477,0.1606,0.9988,29.916,-12.8626,-9.0916,0,0,0
0.1851,0.1223,0.9956,29.771,-12.3359,-10.4427,0,0,0
0.1528,0.126,0.998,37.6947,-12.1298,-13.6031,0,0,0
0.1282,0.1575,0.968,40.6031,-16.6641,-18.1527,0,0,0
0.1362,0.1799,0.9673,37.0382,-21.1985,-18.458,0,0,0
0.1699,0.2036,0.9824,31.6412,-23.5496,-19.5267,0,0,0
0.208,0.1902,0.988,27.916,-22.229,-21.313,0,0,0
0.2185,0.1604,1.0269,28.2672,-17.3969,-20.7863,0,0,0
0.2043,0.2683,0.9954,26.6641,-11.7328,-14.3588,0,0,0
0.0232,-0.0342,1.0361,30.5114,-4.8779,-1.0,0,0,0
0.2043,0.3267,1.0037,21.7405,3.9237,-4.1679,0,0,0
0.1831,0.3999,1.0388,3.1756,6.2748,-10.3969,0,0,0
0.1895,0.3704,1.0605,-10.3969,8.8779,-16.5573,0,0,0
0.1792,0.3833,1.0637,-17.5878,8.1069,-22.1756,0,0,0
0.2163,0.1885,1.1223,-18.2443,8.8092,-24.0458,0,0,0
0.1746,0.1616,1.1199,-17.1374,11.0611,-23.374,0,0,0
0.198,0.2683,1.1289,-12.6183,16.6183,-22.5802,0,0,0
-0.8186,1.4827,0.1267,2.9618,-18.7634,-74.8015,0,0,0
0.3538,0.1467,1.0149,2.0763,-12.2061,-35.4656,0,0,0
0.3328,0.2363,1.0901,3.6565,1.2901,-21.9389,0,0,0
0.2041,0.2217,1.0085,6.9008,6.1908,-19.3893,0,0,0
0.2253,0.2012,1.0188,9.8626,11.2595,-13.7786,0,0,0
0.1946,0.176,0.9685,10.3359,13.374,-8.1374,0,0,0
0.177,0.2168,0.9377,7.4198,8.9618,-2.9008,0,0,0
0.1709,0.2034,0.9697,1.4351,7.8244,0.687,0,0,0
0.1748,0.2148,0.9875,-5.916,9.5344,3.1069,0,0,0
0.1575,0.1792,0.981,-7.2595,8.7557,3.5496,0,0,0
0.1499,0.1804,0.9675,-6.0153,8.1298,5.7252,0,0,0
0.1321,0.1704,0.9597,-1.0382,5.1221,6.7634,0,0,0
0.1304,0.1379,0.9673,5.6412,0.5878,7.0611,0,0,0
0.1174,0.1775,0.9658,9.2748,-1.1985,9.771,0,0,0
0.1238,0.1753,0.96,8.6489,-4.313,13.4046,0,0,0
0.1333,0.1658,0.9956,3.7786,-4.7481,15.8092,0,0,0
0.1685,0.1655,1.0215,-5.7939,-1.9389,22.0,0,0,0
0.168,0.1841,1.0825,-16.5878,4.9771,25.4427,0,0,0
0.1433,0.1626,1.0767,-26.0916,11.8702,23.6031,0,0,0
0.1511,0.1411,1.0496,-25.4198,16.4962,21.0534,0,0,0
0.1155,0.1531,1.002,-22.4504,16.1908,19.7863,0,0,0
0.1011,0.1404,0.9751,-20.0458,11.5496,18.1908,0,0,0
0.1003,0.1465,0.9575,-16.4427,6.4809,15.1221,0,0,0
0.1152,0.1643,0.9795,-16.2519,4.1374,10.6718,0,0,0
0.1165,0.1956,1.0122,-21.8626,4.4427,8.0229,0,0,0
0.1067,0.1445,1.0024,-26.1603,3.6107,7.2519,0,0,0
0.1396,0.1208,1.0276,-25.4275,3.458,7.9466,0,0,0
0.1475,0.1208,1.0515,-24.4122,7.2214,5.8626,0,0,0
0.1497,0.1382,1.0505,-25.0687,11.5191,5.9008,0,0,0
0.1392,0.1528,1.0366,-26.2061,14.1221,5.1756,0,0,0
0.1289,0.1445,1.019,-26.8779,14.6794,5.4351,0,0,0
0.1272,0.1238,1.0061,-25.1298,14.0076,4.7557,0,0,0
0.1306,0.137,1.0103,-23.0229,13.6031,4.1069,0,0,0
0.1167,0.1235,1.0103,-19.9695,13.4275,2.7481,0,0,0
0.1094,0.1157,0.9961,-14.8244,10.8473,2.8626,0,0,0
0.1604,0.1155,1.0178,-11.0305,13.2672,6.2519,0,0,0
0.1252,0.1221,1.0051,-4.4198,14.2824,7.2595,0,0,0
0.1033,0.1748,0.9758,-1.1603,12.3511,6.3206,0,0,0
0.072,0.1902,0.9426,-1.0992,8.4275,3.7557,0,0,0
0.0962,0.1865,0.9365,0.1069,0.0305,0.9389,0,0,0
0.1128,0.2104,0.9497,1.4427,-5.3511,-0.8168,0,0,0
0.1436,0.1785,0.9871,5.1985,-5.1221,-3.687,0,0,0
0.1428,0.1948,0.9807,7.9008,-2.6641,-5.626,0,0,0
0.1494,0.196,0.9905,8.4198,-0.9695,-5.7481,0,0,0
0.1323,0.2205,0.9993,6.2366,1.084,-5.7099,1,0,0
0.1216,0.1797,0.9788,5.8244,-2.0534,-6.0534,1,0,0
0.1248,0.179,0.9832,5.8397,-4.2595,-5.6031,1,0,0
0.0269,0.0684,0.8752,14.7405,-12.7328,-7.5802,1,0,0
0.1094,0.2207,0.915,16.2595,-12.2443,-11.2595,1,0,0
0.0928,0.167,0.9329,23.5496,-18.7557,-15.7863,1,0,0
0.1213,0.1465,0.9675,32.5115,-22.8779,-13.6947,1,0,0
0.1077,0.175,0.9585,36.5115,-26.5954,-11.1832,1,0,0
0.116,0.179,0.9597,36.0305,-29.8855,-10.626,1,0,0
0.1306,0.1897,0.9761,28.916,-29.2748,-10.4351,1,0,0
0.1401,0.1584,0.9707,24.2595,-30.0229,-9.3359,1,0,0
0.1694,0.1904,1.0049,19.626,-28.1298,-8.9084,1,0,0
0.1809,0.1702,1.0273,16.7557,-22.0458,-10.4733,1,0,0
0.1763,0.167,1.0215,15.9695,-15.1908,-12.2595,1,0,0
0.1772,0.1704,1.0522,16.9389,-11.7557,-9.7939,1,0,0
0.146,0.124,1.0002,16.1908,-10.2977,-3.7252,1,0,0
0.1602,0.1565,1.0164,16.4962,-7.4733,0.7939,1,0,0
0.1252,0.1562,1.02,14.4198,-8.2824,0.6718,1,0,0
0.1252,0.1907,1.0239,12.1908,-10.4198,-3.2137,1,0,0
0.1223,0.188,0.9983,9.0076,-14.3817,-6.8015,1,0,0
0.1396,0.1699,1.0063,4.8015,-16.0916,-7.0153,1,0,0
0.1538,0.1335,1.0037,2.8702,-15.8626,-5.6489,1,0,0
0.177,0.127,1.0447,5.313,-13.8168,-4.1298,1,0,0
0.1643,0.1741,1.0735,4.9466,-10.6794,-3.9389,1,0,0
0.1936,0.1931,1.0906,1.0611,-5.8931,0.8397,1,0,0
0.1936,0.21,1.1174,-5.6107,1.7557,2.9695,1,0,0
0.1692,0.1985,1.0894,-12.2824,6.1756,5.5725,1,0,0
0.1455,0.1958,1.0693,-15.8092,8.3664,6.8168,1,0,0
0.1287,0.1863,1.03,-14.0229,5.2824,6.542,1,0,0
0.1411,0.1763,1.0525,-9.9008,3.7176,4.6489,1,0,0
0.1594,0.1812,1.0569,-6.0076,4.4122,6.145,1,0,0
0.1792,0.2009,1.0598,-4.9618,6.3969,7.5496,1,0,0
0.156,0.2871,1.0774,-12.2366,10.1069,7.4809,1,0,0
